"days","degdays","subj","taxon","counts","fracBySubjDay"
0,0,"A1","Acari",1,3.61284728494527e-05
0,0,"A1","Agaricales",11,0.000397413201343979
0,0,"A1","Ascaridida",30,0.00108385418548358
0,0,"A1","Asterales",23,0.000830954875537411
0,0,"A1","Bacillariophytina",578,0.0208822573069836
0,0,"A1","Capnodiales",217,0.00783987860833123
0,0,"A1","Chaetothyriales",3,0.000108385418548358
0,0,"A1","Chlamydomonadales",350,0.0126449654973084
0,0,"A1","Chromulinales",123,0.00444380216048268
0,0,"A1","Coccidia",97,0.00350446186639691
0,0,"A1","Coleoptera",6,0.000216770837096716
0,0,"A1","Collembola",4,0.000144513891397811
0,0,"A1","Conthreep",896,0.0323711116731096
0,0,"A1","Cryomonadida",476,0.0171971530763395
0,0,"A1","Diptera",589,0.0212796705083276
0,0,"A1","Eurotiales",2218,0.080132952780086
0,0,"A1","Eustigmatales",311,0.0112359550561798
0,0,"A1","Fabales",23,0.000830954875537411
0,0,"A1","Filobasidiales",749,0.02706022616424
0,0,"A1","Gregarinasina",1,3.61284728494527e-05
0,0,"A1","Liliopsida",1653,0.0597203656201452
0,0,"A1","Litostomatea",2913,0.105242241410456
0,0,"A1","Malasseziales",38,0.0013728819682792
0,0,"A1","Metakinetoplastina",52,0.00187868058817154
0,0,"A1","Mucorales",1336,0.0482676397268687
0,0,"A1","Opiliones",0,0
0,0,"A1","Peronosporomycetes",577,0.0208461288341342
0,0,"A1","Pleosporales",265,0.00957404530510495
0,0,"A1","Polyporales",14,0.000505798619892337
0,0,"A1","Ranunculales",4,0.000144513891397811
0,0,"A1","Rare",1767,0.0638390115249828
0,0,"A1","Rhabditida",1975,0.071353733877669
0,0,"A1","Saccharomycetales",6522,0.23562989992413
0,0,"A1","Sapindales",197,0.00711730915134217
0,0,"A1","Schizosaccharomycetales",0,0
0,0,"A1","Spirotrichea",308,0.0111275696376314
0,0,"A1","Sporidiobolales",160,0.00578055565591242
0,0,"A1","Taphrinales",46,0.00166190975107482
0,0,"A1","Tremellales",51,0.00184255211532209
0,0,"A1","Trichosporonales",3095,0.111817623469056
0,0,"A2","Acari",4,0.000641848523748395
0,0,"A2","Agaricales",1,0.000160462130937099
0,0,"A2","Ascaridida",131,0.0210205391527599
0,0,"A2","Asterales",0,0
0,0,"A2","Bacillariophytina",3,0.000481386392811297
0,0,"A2","Capnodiales",40,0.00641848523748395
0,0,"A2","Chaetothyriales",1,0.000160462130937099
0,0,"A2","Chlamydomonadales",9,0.00144415917843389
0,0,"A2","Chromulinales",2,0.000320924261874198
0,0,"A2","Coccidia",8,0.00128369704749679
0,0,"A2","Coleoptera",21,0.00336970474967908
0,0,"A2","Collembola",0,0
0,0,"A2","Conthreep",64,0.0102695763799743
0,0,"A2","Cryomonadida",20,0.00320924261874198
0,0,"A2","Diptera",304,0.0487804878048781
0,0,"A2","Eurotiales",394,0.0632220795892169
0,0,"A2","Eustigmatales",0,0
0,0,"A2","Fabales",16,0.00256739409499358
0,0,"A2","Filobasidiales",255,0.0409178433889602
0,0,"A2","Gregarinasina",0,0
0,0,"A2","Liliopsida",69,0.0110718870346598
0,0,"A2","Litostomatea",680,0.109114249037227
0,0,"A2","Malasseziales",4,0.000641848523748395
0,0,"A2","Metakinetoplastina",4,0.000641848523748395
0,0,"A2","Mucorales",252,0.0404364569961489
0,0,"A2","Opiliones",0,0
0,0,"A2","Peronosporomycetes",5,0.000802310654685494
0,0,"A2","Pleosporales",167,0.0267971758664955
0,0,"A2","Polyporales",0,0
0,0,"A2","Ranunculales",0,0
0,0,"A2","Rare",125,0.0200577663671374
0,0,"A2","Rhabditida",1869,0.299903722721438
0,0,"A2","Saccharomycetales",985,0.158055198973042
0,0,"A2","Sapindales",0,0
0,0,"A2","Schizosaccharomycetales",0,0
0,0,"A2","Spirotrichea",5,0.000802310654685494
0,0,"A2","Sporidiobolales",28,0.00449293966623877
0,0,"A2","Taphrinales",1,0.000160462130937099
0,0,"A2","Tremellales",10,0.00160462130937099
0,0,"A2","Trichosporonales",755,0.12114890885751
0,0,"A3","Acari",0,0
0,0,"A3","Agaricales",6,0.000287590471169055
0,0,"A3","Ascaridida",17,0.000814839668312323
0,0,"A3","Asterales",0,0
0,0,"A3","Bacillariophytina",0,0
0,0,"A3","Capnodiales",63,0.00301969994727508
0,0,"A3","Chaetothyriales",3,0.000143795235584528
0,0,"A3","Chlamydomonadales",32,0.00153381584623496
0,0,"A3","Chromulinales",21,0.00100656664909169
0,0,"A3","Coccidia",54,0.0025883142405215
0,0,"A3","Coleoptera",3,0.000143795235584528
0,0,"A3","Collembola",0,0
0,0,"A3","Conthreep",113,0.00541628720701721
0,0,"A3","Cryomonadida",1,4.79317451948425e-05
0,0,"A3","Diptera",1023,0.0490341753343239
0,0,"A3","Eurotiales",1441,0.0690696448257681
0,0,"A3","Eustigmatales",0,0
0,0,"A3","Fabales",35,0.00167761108181949
0,0,"A3","Filobasidiales",937,0.0449120452475675
0,0,"A3","Gregarinasina",0,0
0,0,"A3","Liliopsida",256,0.0122705267698797
0,0,"A3","Litostomatea",8236,0.394765853424723
0,0,"A3","Malasseziales",45,0.00215692853376791
0,0,"A3","Metakinetoplastina",125,0.00599146814935532
0,0,"A3","Mucorales",702,0.0336480851267795
0,0,"A3","Opiliones",0,0
0,0,"A3","Peronosporomycetes",0,0
0,0,"A3","Pleosporales",90,0.00431385706753583
0,0,"A3","Polyporales",7,0.000335522216363898
0,0,"A3","Ranunculales",0,0
0,0,"A3","Rare",325,0.0155778171883238
0,0,"A3","Rhabditida",2336,0.111968556775152
0,0,"A3","Saccharomycetales",2274,0.108996788573072
0,0,"A3","Sapindales",4,0.00019172698077937
0,0,"A3","Schizosaccharomycetales",0,0
0,0,"A3","Spirotrichea",30,0.00143795235584528
0,0,"A3","Sporidiobolales",93,0.00445765230312036
0,0,"A3","Taphrinales",0,0
0,0,"A3","Tremellales",28,0.00134208886545559
0,0,"A3","Trichosporonales",2563,0.122849062934381
0,0,"A4","Acari",1,3.84763370527126e-05
0,0,"A4","Agaricales",3,0.000115429011158138
0,0,"A4","Ascaridida",561,0.0215852250865718
0,0,"A4","Asterales",0,0
0,0,"A4","Bacillariophytina",0,0
0,0,"A4","Capnodiales",198,0.00761831473643709
0,0,"A4","Chaetothyriales",5,0.000192381685263563
0,0,"A4","Chlamydomonadales",140,0.00538668718737976
0,0,"A4","Chromulinales",8,0.000307810696421701
0,0,"A4","Coccidia",24,0.000923432089265102
0,0,"A4","Coleoptera",2,7.69526741054252e-05
0,0,"A4","Collembola",0,0
0,0,"A4","Conthreep",68,0.00261639091958446
0,0,"A4","Cryomonadida",4,0.00015390534821085
0,0,"A4","Diptera",1389,0.0534436321662178
0,0,"A4","Eurotiales",1031,0.0396691035013467
0,0,"A4","Eustigmatales",0,0
0,0,"A4","Fabales",12,0.000461716044632551
0,0,"A4","Filobasidiales",1388,0.0534051558291651
0,0,"A4","Gregarinasina",0,0
0,0,"A4","Liliopsida",628,0.0241631396691035
0,0,"A4","Litostomatea",967,0.0372066179299731
0,0,"A4","Malasseziales",10,0.000384763370527126
0,0,"A4","Metakinetoplastina",8,0.000307810696421701
0,0,"A4","Mucorales",1901,0.0731435167372066
0,0,"A4","Opiliones",0,0
0,0,"A4","Peronosporomycetes",0,0
0,0,"A4","Pleosporales",144,0.00554059253559061
0,0,"A4","Polyporales",11,0.000423239707579838
0,0,"A4","Ranunculales",0,0
0,0,"A4","Rare",322,0.0123893805309735
0,0,"A4","Rhabditida",8707,0.335013466717968
0,0,"A4","Saccharomycetales",3588,0.138053097345133
0,0,"A4","Sapindales",10,0.000384763370527126
0,0,"A4","Schizosaccharomycetales",0,0
0,0,"A4","Spirotrichea",12,0.000461716044632551
0,0,"A4","Sporidiobolales",186,0.00715659869180454
0,0,"A4","Taphrinales",0,0
0,0,"A4","Tremellales",50,0.00192381685263563
0,0,"A4","Trichosporonales",4612,0.17745286648711
0,0,"A5","Acari",0,0
0,0,"A5","Agaricales",0,0
0,0,"A5","Ascaridida",1,0.000286861732644865
0,0,"A5","Asterales",0,0
0,0,"A5","Bacillariophytina",2,0.00057372346528973
0,0,"A5","Capnodiales",3,0.000860585197934596
0,0,"A5","Chaetothyriales",0,0
0,0,"A5","Chlamydomonadales",21,0.00602409638554217
0,0,"A5","Chromulinales",4,0.00114744693057946
0,0,"A5","Coccidia",18,0.00516351118760757
0,0,"A5","Coleoptera",0,0
0,0,"A5","Collembola",0,0
0,0,"A5","Conthreep",181,0.0519219736087206
0,0,"A5","Cryomonadida",0,0
0,0,"A5","Diptera",24,0.00688468158347676
0,0,"A5","Eurotiales",24,0.00688468158347676
0,0,"A5","Eustigmatales",0,0
0,0,"A5","Fabales",19,0.00545037292025244
0,0,"A5","Filobasidiales",24,0.00688468158347676
0,0,"A5","Gregarinasina",0,0
0,0,"A5","Liliopsida",113,0.0324153757888698
0,0,"A5","Litostomatea",638,0.183017785427424
0,0,"A5","Malasseziales",0,0
0,0,"A5","Metakinetoplastina",2,0.00057372346528973
0,0,"A5","Mucorales",20,0.0057372346528973
0,0,"A5","Opiliones",123,0.0352839931153184
0,0,"A5","Peronosporomycetes",12,0.00344234079173838
0,0,"A5","Pleosporales",3,0.000860585197934596
0,0,"A5","Polyporales",0,0
0,0,"A5","Ranunculales",0,0
0,0,"A5","Rare",9,0.00258175559380379
0,0,"A5","Rhabditida",1296,0.371772805507745
0,0,"A5","Saccharomycetales",867,0.248709122203098
0,0,"A5","Sapindales",0,0
0,0,"A5","Schizosaccharomycetales",0,0
0,0,"A5","Spirotrichea",5,0.00143430866322433
0,0,"A5","Sporidiobolales",1,0.000286861732644865
0,0,"A5","Taphrinales",0,0
0,0,"A5","Tremellales",2,0.00057372346528973
0,0,"A5","Trichosporonales",74,0.02122776821572
0,0,"A6","Acari",0,0
0,0,"A6","Agaricales",0,0
0,0,"A6","Ascaridida",3,0.000679347826086957
0,0,"A6","Asterales",0,0
0,0,"A6","Bacillariophytina",3,0.000679347826086957
0,0,"A6","Capnodiales",19,0.00430253623188406
0,0,"A6","Chaetothyriales",1,0.000226449275362319
0,0,"A6","Chlamydomonadales",8,0.00181159420289855
0,0,"A6","Chromulinales",17,0.00384963768115942
0,0,"A6","Coccidia",13,0.00294384057971014
0,0,"A6","Coleoptera",0,0
0,0,"A6","Collembola",0,0
0,0,"A6","Conthreep",48,0.0108695652173913
0,0,"A6","Cryomonadida",7,0.00158514492753623
0,0,"A6","Diptera",171,0.0387228260869565
0,0,"A6","Eurotiales",46,0.0104166666666667
0,0,"A6","Eustigmatales",13,0.00294384057971014
0,0,"A6","Fabales",30,0.00679347826086957
0,0,"A6","Filobasidiales",34,0.00769927536231884
0,0,"A6","Gregarinasina",1,0.000226449275362319
0,0,"A6","Liliopsida",128,0.0289855072463768
0,0,"A6","Litostomatea",123,0.0278532608695652
0,0,"A6","Malasseziales",1,0.000226449275362319
0,0,"A6","Metakinetoplastina",7,0.00158514492753623
0,0,"A6","Mucorales",35,0.00792572463768116
0,0,"A6","Opiliones",0,0
0,0,"A6","Peronosporomycetes",1,0.000226449275362319
0,0,"A6","Pleosporales",2,0.000452898550724638
0,0,"A6","Polyporales",0,0
0,0,"A6","Ranunculales",0,0
0,0,"A6","Rare",27,0.00611413043478261
0,0,"A6","Rhabditida",2495,0.564990942028985
0,0,"A6","Saccharomycetales",1085,0.245697463768116
0,0,"A6","Sapindales",0,0
0,0,"A6","Schizosaccharomycetales",0,0
0,0,"A6","Spirotrichea",7,0.00158514492753623
0,0,"A6","Sporidiobolales",2,0.000452898550724638
0,0,"A6","Taphrinales",0,0
0,0,"A6","Tremellales",0,0
0,0,"A6","Trichosporonales",89,0.0201539855072464
1,27,"A1","Acari",3,0.000226090888537192
1,27,"A1","Agaricales",48,0.00361745421659507
1,27,"A1","Ascaridida",25,0.00188409073780993
1,27,"A1","Asterales",0,0
1,27,"A1","Bacillariophytina",0,0
1,27,"A1","Capnodiales",67,0.00504936317733062
1,27,"A1","Chaetothyriales",0,0
1,27,"A1","Chlamydomonadales",35,0.00263772703293391
1,27,"A1","Chromulinales",0,0
1,27,"A1","Coccidia",10,0.000753636295123973
1,27,"A1","Coleoptera",1,7.53636295123973e-05
1,27,"A1","Collembola",0,0
1,27,"A1","Conthreep",180,0.0135654533122315
1,27,"A1","Cryomonadida",0,0
1,27,"A1","Diptera",290,0.0218554525585952
1,27,"A1","Eurotiales",1453,0.109503353681513
1,27,"A1","Eustigmatales",0,0
1,27,"A1","Fabales",8,0.000602909036099179
1,27,"A1","Filobasidiales",330,0.0248699977390911
1,27,"A1","Gregarinasina",0,0
1,27,"A1","Liliopsida",175,0.0131886351646695
1,27,"A1","Litostomatea",2656,0.200165799984927
1,27,"A1","Malasseziales",49,0.00369281784610747
1,27,"A1","Metakinetoplastina",0,0
1,27,"A1","Mucorales",855,0.0644359032330997
1,27,"A1","Opiliones",0,0
1,27,"A1","Peronosporomycetes",0,0
1,27,"A1","Pleosporales",192,0.0144698168663803
1,27,"A1","Polyporales",83,0.00625518124952898
1,27,"A1","Ranunculales",0,0
1,27,"A1","Rare",256,0.0192930891551737
1,27,"A1","Rhabditida",2417,0.182153892531464
1,27,"A1","Saccharomycetales",2364,0.178159620167307
1,27,"A1","Sapindales",0,0
1,27,"A1","Schizosaccharomycetales",0,0
1,27,"A1","Spirotrichea",0,0
1,27,"A1","Sporidiobolales",70,0.00527545406586781
1,27,"A1","Taphrinales",18,0.00135654533122315
1,27,"A1","Tremellales",46,0.00346672695757028
1,27,"A1","Trichosporonales",1638,0.123445625141307
1,27,"A2","Acari",0,0
1,27,"A2","Agaricales",7,0.000485470559678202
1,27,"A2","Ascaridida",7,0.000485470559678202
1,27,"A2","Asterales",0,0
1,27,"A2","Bacillariophytina",0,0
1,27,"A2","Capnodiales",64,0.00443858797420071
1,27,"A2","Chaetothyriales",1,6.9352937096886e-05
1,27,"A2","Chlamydomonadales",23,0.00159511755322838
1,27,"A2","Chromulinales",3,0.000208058811290658
1,27,"A2","Coccidia",9,0.000624176433871975
1,27,"A2","Coleoptera",2,0.000138705874193772
1,27,"A2","Collembola",0,0
1,27,"A2","Conthreep",104,0.00721270545807615
1,27,"A2","Cryomonadida",5,0.00034676468548443
1,27,"A2","Diptera",1763,0.12226922810181
1,27,"A2","Eurotiales",575,0.0398779388307095
1,27,"A2","Eustigmatales",0,0
1,27,"A2","Fabales",1,6.9352937096886e-05
1,27,"A2","Filobasidiales",405,0.0280879395242389
1,27,"A2","Gregarinasina",0,0
1,27,"A2","Liliopsida",110,0.00762882308065747
1,27,"A2","Litostomatea",906,0.0628337610097788
1,27,"A2","Malasseziales",6,0.000416117622581316
1,27,"A2","Metakinetoplastina",16,0.00110964699355018
1,27,"A2","Mucorales",473,0.0328039392468271
1,27,"A2","Opiliones",0,0
1,27,"A2","Peronosporomycetes",5,0.00034676468548443
1,27,"A2","Pleosporales",199,0.0138012344822803
1,27,"A2","Polyporales",46,0.00319023510645676
1,27,"A2","Ranunculales",0,0
1,27,"A2","Rare",236,0.0163672931548651
1,27,"A2","Rhabditida",5126,0.355503155558638
1,27,"A2","Saccharomycetales",2451,0.169984048824468
1,27,"A2","Sapindales",2,0.000138705874193772
1,27,"A2","Schizosaccharomycetales",0,0
1,27,"A2","Spirotrichea",9,0.000624176433871975
1,27,"A2","Sporidiobolales",63,0.00436923503710382
1,27,"A2","Taphrinales",1,6.9352937096886e-05
1,27,"A2","Tremellales",38,0.00263541160968167
1,27,"A2","Trichosporonales",1763,0.12226922810181
1,27,"A3","Acari",2,0.000177935943060498
1,27,"A3","Agaricales",0,0
1,27,"A3","Ascaridida",0,0
1,27,"A3","Asterales",0,0
1,27,"A3","Bacillariophytina",0,0
1,27,"A3","Capnodiales",94,0.00836298932384342
1,27,"A3","Chaetothyriales",1,8.89679715302491e-05
1,27,"A3","Chlamydomonadales",30,0.00266903914590747
1,27,"A3","Chromulinales",1,8.89679715302491e-05
1,27,"A3","Coccidia",68,0.00604982206405694
1,27,"A3","Coleoptera",3,0.000266903914590747
1,27,"A3","Collembola",0,0
1,27,"A3","Conthreep",5,0.000444839857651246
1,27,"A3","Cryomonadida",51,0.0045373665480427
1,27,"A3","Diptera",670,0.0596085409252669
1,27,"A3","Eurotiales",1288,0.114590747330961
1,27,"A3","Eustigmatales",0,0
1,27,"A3","Fabales",107,0.00951957295373665
1,27,"A3","Filobasidiales",388,0.0345195729537367
1,27,"A3","Gregarinasina",0,0
1,27,"A3","Liliopsida",349,0.0310498220640569
1,27,"A3","Litostomatea",2082,0.185231316725979
1,27,"A3","Malasseziales",0,0
1,27,"A3","Metakinetoplastina",0,0
1,27,"A3","Mucorales",517,0.0459964412811388
1,27,"A3","Opiliones",0,0
1,27,"A3","Peronosporomycetes",167,0.0148576512455516
1,27,"A3","Pleosporales",539,0.0479537366548043
1,27,"A3","Polyporales",40,0.00355871886120996
1,27,"A3","Ranunculales",0,0
1,27,"A3","Rare",224,0.0199288256227758
1,27,"A3","Rhabditida",1249,0.111120996441281
1,27,"A3","Saccharomycetales",2027,0.180338078291815
1,27,"A3","Sapindales",0,0
1,27,"A3","Schizosaccharomycetales",0,0
1,27,"A3","Spirotrichea",98,0.00871886120996441
1,27,"A3","Sporidiobolales",51,0.0045373665480427
1,27,"A3","Taphrinales",0,0
1,27,"A3","Tremellales",66,0.00587188612099644
1,27,"A3","Trichosporonales",1123,0.0999110320284698
1,27,"A4","Acari",0,0
1,27,"A4","Agaricales",9,0.00312174817898023
1,27,"A4","Ascaridida",0,0
1,27,"A4","Asterales",0,0
1,27,"A4","Bacillariophytina",0,0
1,27,"A4","Capnodiales",62,0.021505376344086
1,27,"A4","Chaetothyriales",0,0
1,27,"A4","Chlamydomonadales",0,0
1,27,"A4","Chromulinales",0,0
1,27,"A4","Coccidia",0,0
1,27,"A4","Coleoptera",6,0.00208116545265349
1,27,"A4","Collembola",1,0.000346860908775581
1,27,"A4","Conthreep",19,0.00659035726673604
1,27,"A4","Cryomonadida",0,0
1,27,"A4","Diptera",4,0.00138744363510232
1,27,"A4","Eurotiales",204,0.0707596253902185
1,27,"A4","Eustigmatales",0,0
1,27,"A4","Fabales",19,0.00659035726673604
1,27,"A4","Filobasidiales",210,0.072840790842872
1,27,"A4","Gregarinasina",0,0
1,27,"A4","Liliopsida",128,0.0443981963232744
1,27,"A4","Litostomatea",43,0.01491501907735
1,27,"A4","Malasseziales",1,0.000346860908775581
1,27,"A4","Metakinetoplastina",0,0
1,27,"A4","Mucorales",87,0.0301768990634755
1,27,"A4","Opiliones",0,0
1,27,"A4","Peronosporomycetes",0,0
1,27,"A4","Pleosporales",270,0.0936524453694069
1,27,"A4","Polyporales",3,0.00104058272632674
1,27,"A4","Ranunculales",0,0
1,27,"A4","Rare",71,0.0246271245230663
1,27,"A4","Rhabditida",39,0.0135275754422477
1,27,"A4","Saccharomycetales",896,0.310787374262921
1,27,"A4","Sapindales",0,0
1,27,"A4","Schizosaccharomycetales",0,0
1,27,"A4","Spirotrichea",0,0
1,27,"A4","Sporidiobolales",31,0.010752688172043
1,27,"A4","Taphrinales",0,0
1,27,"A4","Tremellales",37,0.0128338536246965
1,27,"A4","Trichosporonales",743,0.257717655220257
1,27,"A5","Acari",1,8.43525938422607e-05
1,27,"A5","Agaricales",36,0.00303669337832138
1,27,"A5","Ascaridida",6,0.000506115563053564
1,27,"A5","Asterales",0,0
1,27,"A5","Bacillariophytina",1,8.43525938422607e-05
1,27,"A5","Capnodiales",133,0.0112188949810207
1,27,"A5","Chaetothyriales",4,0.000337410375369043
1,27,"A5","Chlamydomonadales",12,0.00101223112610713
1,27,"A5","Chromulinales",11,0.000927878532264867
1,27,"A5","Coccidia",29,0.00244622522142556
1,27,"A5","Coleoptera",4,0.000337410375369043
1,27,"A5","Collembola",0,0
1,27,"A5","Conthreep",277,0.0233656684943062
1,27,"A5","Cryomonadida",22,0.00185575706452973
1,27,"A5","Diptera",699,0.0589624630957402
1,27,"A5","Eurotiales",863,0.0727962884858709
1,27,"A5","Eustigmatales",0,0
1,27,"A5","Fabales",4,0.000337410375369043
1,27,"A5","Filobasidiales",478,0.0403205398566006
1,27,"A5","Gregarinasina",0,0
1,27,"A5","Liliopsida",218,0.0183888654576128
1,27,"A5","Litostomatea",1884,0.158920286798819
1,27,"A5","Malasseziales",4,0.000337410375369043
1,27,"A5","Metakinetoplastina",7,0.000590468156895825
1,27,"A5","Mucorales",408,0.0344158582876423
1,27,"A5","Opiliones",0,0
1,27,"A5","Peronosporomycetes",3,0.000253057781526782
1,27,"A5","Pleosporales",367,0.0309574019401097
1,27,"A5","Polyporales",111,0.00936313791649093
1,27,"A5","Ranunculales",0,0
1,27,"A5","Rare",229,0.0193167439898776
1,27,"A5","Rhabditida",2660,0.224377899620413
1,27,"A5","Saccharomycetales",1530,0.129059468578659
1,27,"A5","Sapindales",0,0
1,27,"A5","Schizosaccharomycetales",0,0
1,27,"A5","Spirotrichea",4,0.000337410375369043
1,27,"A5","Sporidiobolales",79,0.00666385491353859
1,27,"A5","Taphrinales",4,0.000337410375369043
1,27,"A5","Tremellales",32,0.00269928300295234
1,27,"A5","Trichosporonales",1735,0.146351750316322
1,27,"A6","Acari",273,0.0143578415904071
1,27,"A6","Agaricales",15,0.000788892395077311
1,27,"A6","Ascaridida",8,0.000420742610707899
1,27,"A6","Asterales",0,0
1,27,"A6","Bacillariophytina",0,0
1,27,"A6","Capnodiales",441,0.023193436415273
1,27,"A6","Chaetothyriales",1,5.25928263384874e-05
1,27,"A6","Chlamydomonadales",0,0
1,27,"A6","Chromulinales",0,0
1,27,"A6","Coccidia",11,0.000578521089723362
1,27,"A6","Coleoptera",5,0.000262964131692437
1,27,"A6","Collembola",0,0
1,27,"A6","Conthreep",16,0.000841485221415799
1,27,"A6","Cryomonadida",11,0.000578521089723362
1,27,"A6","Diptera",15780,0.829914799621332
1,27,"A6","Eurotiales",239,0.0125696854948985
1,27,"A6","Eustigmatales",0,0
1,27,"A6","Fabales",2,0.000105185652676975
1,27,"A6","Filobasidiales",161,0.00846744504049648
1,27,"A6","Gregarinasina",0,0
1,27,"A6","Liliopsida",131,0.00688966025034185
1,27,"A6","Litostomatea",148,0.00778373829809614
1,27,"A6","Malasseziales",4,0.00021037130535395
1,27,"A6","Metakinetoplastina",2,0.000105185652676975
1,27,"A6","Mucorales",142,0.00746818134006522
1,27,"A6","Opiliones",11,0.000578521089723362
1,27,"A6","Peronosporomycetes",1,5.25928263384874e-05
1,27,"A6","Pleosporales",225,0.0118333859261597
1,27,"A6","Polyporales",45,0.00236667718523193
1,27,"A6","Ranunculales",0,0
1,27,"A6","Rare",116,0.00610076785526454
1,27,"A6","Rhabditida",120,0.00631113916061849
1,27,"A6","Saccharomycetales",584,0.0307142105816767
1,27,"A6","Sapindales",3,0.000157778479015462
1,27,"A6","Schizosaccharomycetales",0,0
1,27,"A6","Spirotrichea",5,0.000262964131692437
1,27,"A6","Sporidiobolales",24,0.0012622278321237
1,27,"A6","Taphrinales",2,0.000105185652676975
1,27,"A6","Tremellales",14,0.000736299568738824
1,27,"A6","Trichosporonales",474,0.024928999684443
2,57,"A1","Acari",0,0
2,57,"A1","Agaricales",3,0.000868558193398958
2,57,"A1","Ascaridida",0,0
2,57,"A1","Asterales",0,0
2,57,"A1","Bacillariophytina",0,0
2,57,"A1","Capnodiales",8,0.00231615518239722
2,57,"A1","Chaetothyriales",0,0
2,57,"A1","Chlamydomonadales",6,0.00173711638679792
2,57,"A1","Chromulinales",0,0
2,57,"A1","Coccidia",0,0
2,57,"A1","Coleoptera",2,0.000579038795599305
2,57,"A1","Collembola",0,0
2,57,"A1","Conthreep",56,0.0162130862767805
2,57,"A1","Cryomonadida",1,0.000289519397799653
2,57,"A1","Diptera",29,0.00839606253618993
2,57,"A1","Eurotiales",66,0.0191082802547771
2,57,"A1","Eustigmatales",0,0
2,57,"A1","Fabales",0,0
2,57,"A1","Filobasidiales",6,0.00173711638679792
2,57,"A1","Gregarinasina",0,0
2,57,"A1","Liliopsida",120,0.0347423277359583
2,57,"A1","Litostomatea",1394,0.403590040532716
2,57,"A1","Malasseziales",0,0
2,57,"A1","Metakinetoplastina",180,0.0521134916039375
2,57,"A1","Mucorales",25,0.00723798494499131
2,57,"A1","Opiliones",0,0
2,57,"A1","Peronosporomycetes",0,0
2,57,"A1","Pleosporales",40,0.0115807759119861
2,57,"A1","Polyporales",3,0.000868558193398958
2,57,"A1","Ranunculales",0,0
2,57,"A1","Rare",15,0.00434279096699479
2,57,"A1","Rhabditida",650,0.188187608569774
2,57,"A1","Saccharomycetales",776,0.22466705269253
2,57,"A1","Sapindales",6,0.00173711638679792
2,57,"A1","Schizosaccharomycetales",0,0
2,57,"A1","Spirotrichea",42,0.0121598147075854
2,57,"A1","Sporidiobolales",0,0
2,57,"A1","Taphrinales",1,0.000289519397799653
2,57,"A1","Tremellales",3,0.000868558193398958
2,57,"A1","Trichosporonales",22,0.00636942675159236
2,57,"A2","Acari",0,0
2,57,"A2","Agaricales",2,0.000699545295557887
2,57,"A2","Ascaridida",0,0
2,57,"A2","Asterales",20,0.00699545295557887
2,57,"A2","Bacillariophytina",0,0
2,57,"A2","Capnodiales",9,0.00314795383001049
2,57,"A2","Chaetothyriales",1,0.000349772647778944
2,57,"A2","Chlamydomonadales",0,0
2,57,"A2","Chromulinales",99,0.0346274921301154
2,57,"A2","Coccidia",0,0
2,57,"A2","Coleoptera",0,0
2,57,"A2","Collembola",0,0
2,57,"A2","Conthreep",20,0.00699545295557887
2,57,"A2","Cryomonadida",0,0
2,57,"A2","Diptera",32,0.0111927247289262
2,57,"A2","Eurotiales",38,0.0132913606155999
2,57,"A2","Eustigmatales",0,0
2,57,"A2","Fabales",0,0
2,57,"A2","Filobasidiales",7,0.00244840853445261
2,57,"A2","Gregarinasina",0,0
2,57,"A2","Liliopsida",18,0.00629590766002099
2,57,"A2","Litostomatea",114,0.0398740818467996
2,57,"A2","Malasseziales",0,0
2,57,"A2","Metakinetoplastina",26,0.00909408884225254
2,57,"A2","Mucorales",8,0.00279818118223155
2,57,"A2","Opiliones",0,0
2,57,"A2","Peronosporomycetes",0,0
2,57,"A2","Pleosporales",18,0.00629590766002099
2,57,"A2","Polyporales",2,0.000699545295557887
2,57,"A2","Ranunculales",0,0
2,57,"A2","Rare",1,0.000349772647778944
2,57,"A2","Rhabditida",942,0.329485834207765
2,57,"A2","Saccharomycetales",1456,0.509268975166142
2,57,"A2","Sapindales",0,0
2,57,"A2","Schizosaccharomycetales",0,0
2,57,"A2","Spirotrichea",0,0
2,57,"A2","Sporidiobolales",2,0.000699545295557887
2,57,"A2","Taphrinales",3,0.00104931794333683
2,57,"A2","Tremellales",1,0.000349772647778944
2,57,"A2","Trichosporonales",40,0.0139909059111577
2,57,"A3","Acari",0,0
2,57,"A3","Agaricales",0,0
2,57,"A3","Ascaridida",0,0
2,57,"A3","Asterales",0,0
2,57,"A3","Bacillariophytina",11,0.00173501577287066
2,57,"A3","Capnodiales",105,0.0165615141955836
2,57,"A3","Chaetothyriales",0,0
2,57,"A3","Chlamydomonadales",15,0.00236593059936909
2,57,"A3","Chromulinales",0,0
2,57,"A3","Coccidia",0,0
2,57,"A3","Coleoptera",247,0.0389589905362776
2,57,"A3","Collembola",0,0
2,57,"A3","Conthreep",93,0.0146687697160883
2,57,"A3","Cryomonadida",22,0.00347003154574133
2,57,"A3","Diptera",136,0.0214511041009464
2,57,"A3","Eurotiales",2457,0.387539432176656
2,57,"A3","Eustigmatales",0,0
2,57,"A3","Fabales",3,0.000473186119873817
2,57,"A3","Filobasidiales",83,0.0130914826498423
2,57,"A3","Gregarinasina",0,0
2,57,"A3","Liliopsida",80,0.0126182965299685
2,57,"A3","Litostomatea",523,0.0824921135646688
2,57,"A3","Malasseziales",7,0.00110410094637224
2,57,"A3","Metakinetoplastina",35,0.0055205047318612
2,57,"A3","Mucorales",230,0.0362776025236593
2,57,"A3","Opiliones",0,0
2,57,"A3","Peronosporomycetes",0,0
2,57,"A3","Pleosporales",218,0.034384858044164
2,57,"A3","Polyporales",32,0.00504731861198738
2,57,"A3","Ranunculales",75,0.0118296529968454
2,57,"A3","Rare",115,0.0181388012618297
2,57,"A3","Rhabditida",348,0.0548895899053628
2,57,"A3","Saccharomycetales",1055,0.166403785488959
2,57,"A3","Sapindales",0,0
2,57,"A3","Schizosaccharomycetales",2,0.000315457413249211
2,57,"A3","Spirotrichea",0,0
2,57,"A3","Sporidiobolales",22,0.00347003154574133
2,57,"A3","Taphrinales",92,0.0145110410094637
2,57,"A3","Tremellales",19,0.00299684542586751
2,57,"A3","Trichosporonales",315,0.0496845425867508
2,57,"A4","Acari",0,0
2,57,"A4","Agaricales",13,0.00423590746171391
2,57,"A4","Ascaridida",0,0
2,57,"A4","Asterales",0,0
2,57,"A4","Bacillariophytina",0,0
2,57,"A4","Capnodiales",327,0.106549364613881
2,57,"A4","Chaetothyriales",4,0.00130335614206582
2,57,"A4","Chlamydomonadales",1,0.000325839035516455
2,57,"A4","Chromulinales",0,0
2,57,"A4","Coccidia",0,0
2,57,"A4","Coleoptera",168,0.0547409579667644
2,57,"A4","Collembola",0,0
2,57,"A4","Conthreep",179,0.0583251873574454
2,57,"A4","Cryomonadida",16,0.00521342456826328
2,57,"A4","Diptera",140,0.0456174649723037
2,57,"A4","Eurotiales",58,0.0188986640599544
2,57,"A4","Eustigmatales",0,0
2,57,"A4","Fabales",0,0
2,57,"A4","Filobasidiales",125,0.0407298794395569
2,57,"A4","Gregarinasina",0,0
2,57,"A4","Liliopsida",31,0.0101010101010101
2,57,"A4","Litostomatea",0,0
2,57,"A4","Malasseziales",2,0.00065167807103291
2,57,"A4","Metakinetoplastina",28,0.00912349299446074
2,57,"A4","Mucorales",117,0.0381231671554252
2,57,"A4","Opiliones",0,0
2,57,"A4","Peronosporomycetes",30,0.00977517106549365
2,57,"A4","Pleosporales",405,0.131964809384164
2,57,"A4","Polyporales",33,0.010752688172043
2,57,"A4","Ranunculales",0,0
2,57,"A4","Rare",89,0.0289996741609645
2,57,"A4","Rhabditida",83,0.0270446399478658
2,57,"A4","Saccharomycetales",729,0.237536656891496
2,57,"A4","Sapindales",0,0
2,57,"A4","Schizosaccharomycetales",9,0.00293255131964809
2,57,"A4","Spirotrichea",0,0
2,57,"A4","Sporidiobolales",20,0.0065167807103291
2,57,"A4","Taphrinales",7,0.00228087324861518
2,57,"A4","Tremellales",19,0.00619094167481264
2,57,"A4","Trichosporonales",436,0.142065819485174
2,57,"A5","Acari",0,0
2,57,"A5","Agaricales",1,8.03664711082536e-05
2,57,"A5","Ascaridida",0,0
2,57,"A5","Asterales",13,0.0010447641244073
2,57,"A5","Bacillariophytina",1,8.03664711082536e-05
2,57,"A5","Capnodiales",215,0.0172787912882745
2,57,"A5","Chaetothyriales",4,0.000321465884433015
2,57,"A5","Chlamydomonadales",20,0.00160732942216507
2,57,"A5","Chromulinales",0,0
2,57,"A5","Coccidia",0,0
2,57,"A5","Coleoptera",993,0.0798039058104959
2,57,"A5","Collembola",1,8.03664711082536e-05
2,57,"A5","Conthreep",110,0.0088403118219079
2,57,"A5","Cryomonadida",1,8.03664711082536e-05
2,57,"A5","Diptera",2735,0.219802298481074
2,57,"A5","Eurotiales",1954,0.157036084545528
2,57,"A5","Eustigmatales",0,0
2,57,"A5","Fabales",0,0
2,57,"A5","Filobasidiales",121,0.00972434300409869
2,57,"A5","Gregarinasina",0,0
2,57,"A5","Liliopsida",192,0.0154303624527847
2,57,"A5","Litostomatea",91,0.00731334887085108
2,57,"A5","Malasseziales",1,8.03664711082536e-05
2,57,"A5","Metakinetoplastina",86,0.00691151651530981
2,57,"A5","Mucorales",293,0.0235473760347183
2,57,"A5","Opiliones",0,0
2,57,"A5","Peronosporomycetes",0,0
2,57,"A5","Pleosporales",390,0.0313429237322189
2,57,"A5","Polyporales",8,0.000642931768866029
2,57,"A5","Ranunculales",0,0
2,57,"A5","Rare",206,0.0165554930483003
2,57,"A5","Rhabditida",261,0.0209756489592542
2,57,"A5","Saccharomycetales",3926,0.315518765571004
2,57,"A5","Sapindales",0,0
2,57,"A5","Schizosaccharomycetales",34,0.00273246001768062
2,57,"A5","Spirotrichea",0,0
2,57,"A5","Sporidiobolales",28,0.0022502611910311
2,57,"A5","Taphrinales",134,0.010769107128506
2,57,"A5","Tremellales",47,0.00377722414208792
2,57,"A5","Trichosporonales",577,0.0463714538294623
2,57,"A6","Acari",1,0.000140964195094446
2,57,"A6","Agaricales",1,0.000140964195094446
2,57,"A6","Ascaridida",0,0
2,57,"A6","Asterales",0,0
2,57,"A6","Bacillariophytina",0,0
2,57,"A6","Capnodiales",114,0.0160699182407668
2,57,"A6","Chaetothyriales",2,0.000281928390188892
2,57,"A6","Chlamydomonadales",0,0
2,57,"A6","Chromulinales",0,0
2,57,"A6","Coccidia",0,0
2,57,"A6","Coleoptera",28,0.00394699746264449
2,57,"A6","Collembola",1,0.000140964195094446
2,57,"A6","Conthreep",3,0.000422892585283338
2,57,"A6","Cryomonadida",25,0.00352410487736115
2,57,"A6","Diptera",123,0.0173385959966169
2,57,"A6","Eurotiales",515,0.0725965604736397
2,57,"A6","Eustigmatales",0,0
2,57,"A6","Fabales",37,0.0052156752184945
2,57,"A6","Filobasidiales",111,0.0156470256554835
2,57,"A6","Gregarinasina",0,0
2,57,"A6","Liliopsida",180,0.0253735551170003
2,57,"A6","Litostomatea",653,0.0920496193966732
2,57,"A6","Malasseziales",20,0.00281928390188892
2,57,"A6","Metakinetoplastina",7,0.000986749365661122
2,57,"A6","Mucorales",261,0.0367916549196504
2,57,"A6","Opiliones",0,0
2,57,"A6","Peronosporomycetes",0,0
2,57,"A6","Pleosporales",174,0.0245277699464336
2,57,"A6","Polyporales",12,0.00169157034113335
2,57,"A6","Ranunculales",14,0.00197349873132224
2,57,"A6","Rare",147,0.0207217366788836
2,57,"A6","Rhabditida",2950,0.415844375528616
2,57,"A6","Saccharomycetales",1024,0.144347335776713
2,57,"A6","Sapindales",17,0.00239639131660558
2,57,"A6","Schizosaccharomycetales",0,0
2,57,"A6","Spirotrichea",0,0
2,57,"A6","Sporidiobolales",7,0.000986749365661122
2,57,"A6","Taphrinales",2,0.000281928390188892
2,57,"A6","Tremellales",30,0.00422892585283338
2,57,"A6","Trichosporonales",635,0.0895122638849732
3,87,"A1","Acari",0,0
3,87,"A1","Agaricales",0,0
3,87,"A1","Ascaridida",0,0
3,87,"A1","Asterales",0,0
3,87,"A1","Bacillariophytina",0,0
3,87,"A1","Capnodiales",71,0.00914948453608247
3,87,"A1","Chaetothyriales",1,0.000128865979381443
3,87,"A1","Chlamydomonadales",0,0
3,87,"A1","Chromulinales",0,0
3,87,"A1","Coccidia",0,0
3,87,"A1","Coleoptera",1375,0.177190721649485
3,87,"A1","Collembola",1,0.000128865979381443
3,87,"A1","Conthreep",0,0
3,87,"A1","Cryomonadida",0,0
3,87,"A1","Diptera",2611,0.336469072164948
3,87,"A1","Eurotiales",2425,0.3125
3,87,"A1","Eustigmatales",0,0
3,87,"A1","Fabales",5,0.000644329896907216
3,87,"A1","Filobasidiales",18,0.00231958762886598
3,87,"A1","Gregarinasina",0,0
3,87,"A1","Liliopsida",128,0.0164948453608247
3,87,"A1","Litostomatea",35,0.00451030927835052
3,87,"A1","Malasseziales",0,0
3,87,"A1","Metakinetoplastina",15,0.00193298969072165
3,87,"A1","Mucorales",158,0.020360824742268
3,87,"A1","Opiliones",0,0
3,87,"A1","Peronosporomycetes",0,0
3,87,"A1","Pleosporales",106,0.013659793814433
3,87,"A1","Polyporales",27,0.00347938144329897
3,87,"A1","Ranunculales",0,0
3,87,"A1","Rare",82,0.0105670103092784
3,87,"A1","Rhabditida",41,0.00528350515463918
3,87,"A1","Saccharomycetales",291,0.0375
3,87,"A1","Sapindales",0,0
3,87,"A1","Schizosaccharomycetales",96,0.0123711340206186
3,87,"A1","Spirotrichea",0,0
3,87,"A1","Sporidiobolales",10,0.00128865979381443
3,87,"A1","Taphrinales",149,0.0192010309278351
3,87,"A1","Tremellales",32,0.00412371134020619
3,87,"A1","Trichosporonales",83,0.0106958762886598
3,87,"A2","Acari",0,0
3,87,"A2","Agaricales",0,0
3,87,"A2","Ascaridida",0,0
3,87,"A2","Asterales",0,0
3,87,"A2","Bacillariophytina",0,0
3,87,"A2","Capnodiales",2,8.0654917933621e-05
3,87,"A2","Chaetothyriales",0,0
3,87,"A2","Chlamydomonadales",0,0
3,87,"A2","Chromulinales",0,0
3,87,"A2","Coccidia",0,0
3,87,"A2","Coleoptera",19,0.0007662217203694
3,87,"A2","Collembola",0,0
3,87,"A2","Conthreep",1,4.03274589668105e-05
3,87,"A2","Cryomonadida",0,0
3,87,"A2","Diptera",24696,0.995926926644352
3,87,"A2","Eurotiales",13,0.000524256966568537
3,87,"A2","Eustigmatales",0,0
3,87,"A2","Fabales",0,0
3,87,"A2","Filobasidiales",2,8.0654917933621e-05
3,87,"A2","Gregarinasina",0,0
3,87,"A2","Liliopsida",1,4.03274589668105e-05
3,87,"A2","Litostomatea",2,8.0654917933621e-05
3,87,"A2","Malasseziales",0,0
3,87,"A2","Metakinetoplastina",0,0
3,87,"A2","Mucorales",2,8.0654917933621e-05
3,87,"A2","Opiliones",0,0
3,87,"A2","Peronosporomycetes",0,0
3,87,"A2","Pleosporales",5,0.000201637294834052
3,87,"A2","Polyporales",0,0
3,87,"A2","Ranunculales",1,4.03274589668105e-05
3,87,"A2","Rare",10,0.000403274589668105
3,87,"A2","Rhabditida",5,0.000201637294834052
3,87,"A2","Saccharomycetales",17,0.000685566802435778
3,87,"A2","Sapindales",2,8.0654917933621e-05
3,87,"A2","Schizosaccharomycetales",0,0
3,87,"A2","Spirotrichea",0,0
3,87,"A2","Sporidiobolales",4,0.000161309835867242
3,87,"A2","Taphrinales",3,0.000120982376900432
3,87,"A2","Tremellales",0,0
3,87,"A2","Trichosporonales",12,0.000483929507601726
3,87,"A3","Acari",0,0
3,87,"A3","Agaricales",0,0
3,87,"A3","Ascaridida",0,0
3,87,"A3","Asterales",0,0
3,87,"A3","Bacillariophytina",23,0.00418333939614405
3,87,"A3","Capnodiales",4,0.000727537286285922
3,87,"A3","Chaetothyriales",0,0
3,87,"A3","Chlamydomonadales",0,0
3,87,"A3","Chromulinales",0,0
3,87,"A3","Coccidia",0,0
3,87,"A3","Coleoptera",719,0.130774827209895
3,87,"A3","Collembola",0,0
3,87,"A3","Conthreep",44,0.00800291014914514
3,87,"A3","Cryomonadida",0,0
3,87,"A3","Diptera",29,0.00527464532557294
3,87,"A3","Eurotiales",95,0.0172790105492907
3,87,"A3","Eustigmatales",0,0
3,87,"A3","Fabales",7,0.00127319025100036
3,87,"A3","Filobasidiales",1,0.000181884321571481
3,87,"A3","Gregarinasina",0,0
3,87,"A3","Liliopsida",20,0.00363768643142961
3,87,"A3","Litostomatea",0,0
3,87,"A3","Malasseziales",1,0.000181884321571481
3,87,"A3","Metakinetoplastina",7,0.00127319025100036
3,87,"A3","Mucorales",23,0.00418333939614405
3,87,"A3","Opiliones",0,0
3,87,"A3","Peronosporomycetes",0,0
3,87,"A3","Pleosporales",29,0.00527464532557294
3,87,"A3","Polyporales",0,0
3,87,"A3","Ranunculales",0,0
3,87,"A3","Rare",2,0.000363768643142961
3,87,"A3","Rhabditida",2,0.000363768643142961
3,87,"A3","Saccharomycetales",4427,0.805201891596944
3,87,"A3","Sapindales",6,0.00109130592942888
3,87,"A3","Schizosaccharomycetales",3,0.000545652964714442
3,87,"A3","Spirotrichea",53,0.00963986904328847
3,87,"A3","Sporidiobolales",0,0
3,87,"A3","Taphrinales",1,0.000181884321571481
3,87,"A3","Tremellales",2,0.000363768643142961
3,87,"A3","Trichosporonales",0,0
3,87,"A4","Acari",46,0.0112800392349191
3,87,"A4","Agaricales",0,0
3,87,"A4","Ascaridida",0,0
3,87,"A4","Asterales",0,0
3,87,"A4","Bacillariophytina",0,0
3,87,"A4","Capnodiales",1,0.000245218244237371
3,87,"A4","Chaetothyriales",1,0.000245218244237371
3,87,"A4","Chlamydomonadales",0,0
3,87,"A4","Chromulinales",0,0
3,87,"A4","Coccidia",59,0.0144678764100049
3,87,"A4","Coleoptera",127,0.0311427170181462
3,87,"A4","Collembola",0,0
3,87,"A4","Conthreep",41,0.0100539480137322
3,87,"A4","Cryomonadida",0,0
3,87,"A4","Diptera",673,0.165031878371751
3,87,"A4","Eurotiales",24,0.00588523786169691
3,87,"A4","Eustigmatales",0,0
3,87,"A4","Fabales",1,0.000245218244237371
3,87,"A4","Filobasidiales",16,0.00392349190779794
3,87,"A4","Gregarinasina",0,0
3,87,"A4","Liliopsida",26,0.00637567435017165
3,87,"A4","Litostomatea",23,0.00564001961745954
3,87,"A4","Malasseziales",0,0
3,87,"A4","Metakinetoplastina",16,0.00392349190779794
3,87,"A4","Mucorales",5,0.00122609122118686
3,87,"A4","Opiliones",0,0
3,87,"A4","Peronosporomycetes",0,0
3,87,"A4","Pleosporales",12,0.00294261893084846
3,87,"A4","Polyporales",0,0
3,87,"A4","Ranunculales",0,0
3,87,"A4","Rare",21,0.0051495831289848
3,87,"A4","Rhabditida",10,0.00245218244237371
3,87,"A4","Saccharomycetales",2855,0.700098087297695
3,87,"A4","Sapindales",0,0
3,87,"A4","Schizosaccharomycetales",0,0
3,87,"A4","Spirotrichea",0,0
3,87,"A4","Sporidiobolales",25,0.00613045610593428
3,87,"A4","Taphrinales",2,0.000490436488474743
3,87,"A4","Tremellales",4,0.000980872976949485
3,87,"A4","Trichosporonales",90,0.0220696419813634
3,87,"A5","Acari",0,0
3,87,"A5","Agaricales",3,0.000269323996768112
3,87,"A5","Ascaridida",0,0
3,87,"A5","Asterales",0,0
3,87,"A5","Bacillariophytina",0,0
3,87,"A5","Capnodiales",87,0.00781039590627525
3,87,"A5","Chaetothyriales",8,0.000718197324714965
3,87,"A5","Chlamydomonadales",0,0
3,87,"A5","Chromulinales",0,0
3,87,"A5","Coccidia",0,0
3,87,"A5","Coleoptera",848,0.0761289164197863
3,87,"A5","Collembola",0,0
3,87,"A5","Conthreep",0,0
3,87,"A5","Cryomonadida",1,8.97746655893707e-05
3,87,"A5","Diptera",7863,0.705898195529222
3,87,"A5","Eurotiales",270,0.0242391597091301
3,87,"A5","Eustigmatales",0,0
3,87,"A5","Fabales",0,0
3,87,"A5","Filobasidiales",8,0.000718197324714965
3,87,"A5","Gregarinasina",0,0
3,87,"A5","Liliopsida",28,0.00251369063650238
3,87,"A5","Litostomatea",0,0
3,87,"A5","Malasseziales",8,0.000718197324714965
3,87,"A5","Metakinetoplastina",1,8.97746655893707e-05
3,87,"A5","Mucorales",34,0.0030523386300386
3,87,"A5","Opiliones",0,0
3,87,"A5","Peronosporomycetes",0,0
3,87,"A5","Pleosporales",612,0.0549420953406949
3,87,"A5","Polyporales",4,0.000359098662357483
3,87,"A5","Ranunculales",14,0.00125684531825119
3,87,"A5","Rare",16,0.00143639464942993
3,87,"A5","Rhabditida",3,0.000269323996768112
3,87,"A5","Saccharomycetales",1223,0.1097944160158
3,87,"A5","Sapindales",0,0
3,87,"A5","Schizosaccharomycetales",24,0.0021545919741449
3,87,"A5","Spirotrichea",0,0
3,87,"A5","Sporidiobolales",10,0.000897746655893707
3,87,"A5","Taphrinales",16,0.00143639464942993
3,87,"A5","Tremellales",12,0.00107729598707245
3,87,"A5","Trichosporonales",46,0.00412963461711105
3,87,"A6","Acari",0,0
3,87,"A6","Agaricales",0,0
3,87,"A6","Ascaridida",0,0
3,87,"A6","Asterales",0,0
3,87,"A6","Bacillariophytina",0,0
3,87,"A6","Capnodiales",2,0.000105713832655003
3,87,"A6","Chaetothyriales",0,0
3,87,"A6","Chlamydomonadales",0,0
3,87,"A6","Chromulinales",0,0
3,87,"A6","Coccidia",0,0
3,87,"A6","Coleoptera",16,0.000845710661240023
3,87,"A6","Collembola",2,0.000105713832655003
3,87,"A6","Conthreep",1,5.28569163275015e-05
3,87,"A6","Cryomonadida",0,0
3,87,"A6","Diptera",18749,0.991014324224325
3,87,"A6","Eurotiales",9,0.000475712246947513
3,87,"A6","Eustigmatales",0,0
3,87,"A6","Fabales",0,0
3,87,"A6","Filobasidiales",4,0.000211427665310006
3,87,"A6","Gregarinasina",0,0
3,87,"A6","Liliopsida",6,0.000317141497965009
3,87,"A6","Litostomatea",1,5.28569163275015e-05
3,87,"A6","Malasseziales",1,5.28569163275015e-05
3,87,"A6","Metakinetoplastina",0,0
3,87,"A6","Mucorales",4,0.000211427665310006
3,87,"A6","Opiliones",0,0
3,87,"A6","Peronosporomycetes",0,0
3,87,"A6","Pleosporales",5,0.000264284581637507
3,87,"A6","Polyporales",0,0
3,87,"A6","Ranunculales",0,0
3,87,"A6","Rare",5,0.000264284581637507
3,87,"A6","Rhabditida",6,0.000317141497965009
3,87,"A6","Saccharomycetales",78,0.00412283947354511
3,87,"A6","Sapindales",0,0
3,87,"A6","Schizosaccharomycetales",3,0.000158570748982504
3,87,"A6","Spirotrichea",0,0
3,87,"A6","Sporidiobolales",3,0.000158570748982504
3,87,"A6","Taphrinales",0,0
3,87,"A6","Tremellales",4,0.000211427665310006
3,87,"A6","Trichosporonales",20,0.00105713832655003
5,149,"A1","Acari",0,0
5,149,"A1","Agaricales",0,0
5,149,"A1","Ascaridida",0,0
5,149,"A1","Asterales",0,0
5,149,"A1","Bacillariophytina",1,2.41295273025601e-05
5,149,"A1","Capnodiales",29,0.000699756291774244
5,149,"A1","Chaetothyriales",8,0.000193036218420481
5,149,"A1","Chlamydomonadales",0,0
5,149,"A1","Chromulinales",0,0
5,149,"A1","Coccidia",0,0
5,149,"A1","Coleoptera",2362,0.0569939434886471
5,149,"A1","Collembola",0,0
5,149,"A1","Conthreep",1,2.41295273025601e-05
5,149,"A1","Cryomonadida",3,7.23885819076804e-05
5,149,"A1","Diptera",37970,0.916198151678209
5,149,"A1","Eurotiales",69,0.00166493738387665
5,149,"A1","Eustigmatales",0,0
5,149,"A1","Fabales",0,0
5,149,"A1","Filobasidiales",20,0.000482590546051203
5,149,"A1","Gregarinasina",0,0
5,149,"A1","Liliopsida",2,4.82590546051203e-05
5,149,"A1","Litostomatea",0,0
5,149,"A1","Malasseziales",22,0.000530849600656323
5,149,"A1","Metakinetoplastina",0,0
5,149,"A1","Mucorales",0,0
5,149,"A1","Opiliones",0,0
5,149,"A1","Peronosporomycetes",0,0
5,149,"A1","Pleosporales",783,0.0188934198779046
5,149,"A1","Polyporales",0,0
5,149,"A1","Ranunculales",0,0
5,149,"A1","Rare",69,0.00166493738387665
5,149,"A1","Rhabditida",4,9.65181092102406e-05
5,149,"A1","Saccharomycetales",70,0.00168906691117921
5,149,"A1","Sapindales",0,0
5,149,"A1","Schizosaccharomycetales",0,0
5,149,"A1","Spirotrichea",0,0
5,149,"A1","Sporidiobolales",0,0
5,149,"A1","Taphrinales",0,0
5,149,"A1","Tremellales",26,0.000627367709866564
5,149,"A1","Trichosporonales",4,9.65181092102406e-05
5,149,"A2","Acari",0,0
5,149,"A2","Agaricales",0,0
5,149,"A2","Ascaridida",0,0
5,149,"A2","Asterales",0,0
5,149,"A2","Bacillariophytina",0,0
5,149,"A2","Capnodiales",4,0.000528401585204756
5,149,"A2","Chaetothyriales",3,0.000396301188903567
5,149,"A2","Chlamydomonadales",0,0
5,149,"A2","Chromulinales",0,0
5,149,"A2","Coccidia",0,0
5,149,"A2","Coleoptera",29,0.00383091149273448
5,149,"A2","Collembola",0,0
5,149,"A2","Conthreep",0,0
5,149,"A2","Cryomonadida",0,0
5,149,"A2","Diptera",6994,0.923910171730515
5,149,"A2","Eurotiales",26,0.00343461030383091
5,149,"A2","Eustigmatales",0,0
5,149,"A2","Fabales",0,0
5,149,"A2","Filobasidiales",6,0.000792602377807133
5,149,"A2","Gregarinasina",0,0
5,149,"A2","Liliopsida",3,0.000396301188903567
5,149,"A2","Litostomatea",0,0
5,149,"A2","Malasseziales",0,0
5,149,"A2","Metakinetoplastina",0,0
5,149,"A2","Mucorales",0,0
5,149,"A2","Opiliones",0,0
5,149,"A2","Peronosporomycetes",0,0
5,149,"A2","Pleosporales",102,0.0134742404227213
5,149,"A2","Polyporales",0,0
5,149,"A2","Ranunculales",0,0
5,149,"A2","Rare",26,0.00343461030383091
5,149,"A2","Rhabditida",1,0.000132100396301189
5,149,"A2","Saccharomycetales",367,0.0484808454425363
5,149,"A2","Sapindales",0,0
5,149,"A2","Schizosaccharomycetales",0,0
5,149,"A2","Spirotrichea",0,0
5,149,"A2","Sporidiobolales",4,0.000528401585204756
5,149,"A2","Taphrinales",0,0
5,149,"A2","Tremellales",2,0.000264200792602378
5,149,"A2","Trichosporonales",3,0.000396301188903567
5,149,"A3","Acari",0,0
5,149,"A3","Agaricales",0,0
5,149,"A3","Ascaridida",0,0
5,149,"A3","Asterales",0,0
5,149,"A3","Bacillariophytina",0,0
5,149,"A3","Capnodiales",2,0.000101688021151108
5,149,"A3","Chaetothyriales",0,0
5,149,"A3","Chlamydomonadales",0,0
5,149,"A3","Chromulinales",0,0
5,149,"A3","Coccidia",0,0
5,149,"A3","Coleoptera",45,0.00228798047589994
5,149,"A3","Collembola",1,5.08440105755542e-05
5,149,"A3","Conthreep",3,0.000152532031726663
5,149,"A3","Cryomonadida",2,0.000101688021151108
5,149,"A3","Diptera",19548,0.993898718730933
5,149,"A3","Eurotiales",8,0.000406752084604434
5,149,"A3","Eustigmatales",0,0
5,149,"A3","Fabales",0,0
5,149,"A3","Filobasidiales",0,0
5,149,"A3","Gregarinasina",0,0
5,149,"A3","Liliopsida",0,0
5,149,"A3","Litostomatea",0,0
5,149,"A3","Malasseziales",0,0
5,149,"A3","Metakinetoplastina",0,0
5,149,"A3","Mucorales",3,0.000152532031726663
5,149,"A3","Opiliones",0,0
5,149,"A3","Peronosporomycetes",0,0
5,149,"A3","Pleosporales",9,0.000457596095179988
5,149,"A3","Polyporales",3,0.000152532031726663
5,149,"A3","Ranunculales",0,0
5,149,"A3","Rare",0,0
5,149,"A3","Rhabditida",2,0.000101688021151108
5,149,"A3","Saccharomycetales",37,0.00188122839129551
5,149,"A3","Sapindales",0,0
5,149,"A3","Schizosaccharomycetales",2,0.000101688021151108
5,149,"A3","Spirotrichea",0,0
5,149,"A3","Sporidiobolales",0,0
5,149,"A3","Taphrinales",2,0.000101688021151108
5,149,"A3","Tremellales",0,0
5,149,"A3","Trichosporonales",1,5.08440105755542e-05
5,149,"A4","Acari",0,0
5,149,"A4","Agaricales",9,0.0109756097560976
5,149,"A4","Ascaridida",0,0
5,149,"A4","Asterales",0,0
5,149,"A4","Bacillariophytina",0,0
5,149,"A4","Capnodiales",6,0.00731707317073171
5,149,"A4","Chaetothyriales",6,0.00731707317073171
5,149,"A4","Chlamydomonadales",0,0
5,149,"A4","Chromulinales",0,0
5,149,"A4","Coccidia",0,0
5,149,"A4","Coleoptera",50,0.0609756097560976
5,149,"A4","Collembola",1,0.00121951219512195
5,149,"A4","Conthreep",6,0.00731707317073171
5,149,"A4","Cryomonadida",0,0
5,149,"A4","Diptera",21,0.025609756097561
5,149,"A4","Eurotiales",29,0.0353658536585366
5,149,"A4","Eustigmatales",0,0
5,149,"A4","Fabales",0,0
5,149,"A4","Filobasidiales",3,0.00365853658536585
5,149,"A4","Gregarinasina",0,0
5,149,"A4","Liliopsida",0,0
5,149,"A4","Litostomatea",0,0
5,149,"A4","Malasseziales",18,0.0219512195121951
5,149,"A4","Metakinetoplastina",0,0
5,149,"A4","Mucorales",10,0.0121951219512195
5,149,"A4","Opiliones",0,0
5,149,"A4","Peronosporomycetes",0,0
5,149,"A4","Pleosporales",96,0.117073170731707
5,149,"A4","Polyporales",1,0.00121951219512195
5,149,"A4","Ranunculales",1,0.00121951219512195
5,149,"A4","Rare",14,0.0170731707317073
5,149,"A4","Rhabditida",3,0.00365853658536585
5,149,"A4","Saccharomycetales",518,0.631707317073171
5,149,"A4","Sapindales",0,0
5,149,"A4","Schizosaccharomycetales",3,0.00365853658536585
5,149,"A4","Spirotrichea",0,0
5,149,"A4","Sporidiobolales",4,0.0048780487804878
5,149,"A4","Taphrinales",1,0.00121951219512195
5,149,"A4","Tremellales",0,0
5,149,"A4","Trichosporonales",20,0.024390243902439
5,149,"A5","Acari",0,0
5,149,"A5","Agaricales",0,0
5,149,"A5","Ascaridida",0,0
5,149,"A5","Asterales",0,0
5,149,"A5","Bacillariophytina",3,0.0021849963583394
5,149,"A5","Capnodiales",0,0
5,149,"A5","Chaetothyriales",0,0
5,149,"A5","Chlamydomonadales",0,0
5,149,"A5","Chromulinales",0,0
5,149,"A5","Coccidia",0,0
5,149,"A5","Coleoptera",25,0.0182083029861617
5,149,"A5","Collembola",0,0
5,149,"A5","Conthreep",0,0
5,149,"A5","Cryomonadida",0,0
5,149,"A5","Diptera",962,0.700655498907502
5,149,"A5","Eurotiales",2,0.00145666423889294
5,149,"A5","Eustigmatales",0,0
5,149,"A5","Fabales",0,0
5,149,"A5","Filobasidiales",0,0
5,149,"A5","Gregarinasina",0,0
5,149,"A5","Liliopsida",0,0
5,149,"A5","Litostomatea",1,0.000728332119446468
5,149,"A5","Malasseziales",0,0
5,149,"A5","Metakinetoplastina",0,0
5,149,"A5","Mucorales",1,0.000728332119446468
5,149,"A5","Opiliones",0,0
5,149,"A5","Peronosporomycetes",0,0
5,149,"A5","Pleosporales",1,0.000728332119446468
5,149,"A5","Polyporales",0,0
5,149,"A5","Ranunculales",0,0
5,149,"A5","Rare",1,0.000728332119446468
5,149,"A5","Rhabditida",4,0.00291332847778587
5,149,"A5","Saccharomycetales",370,0.269482884195193
5,149,"A5","Sapindales",0,0
5,149,"A5","Schizosaccharomycetales",2,0.00145666423889294
5,149,"A5","Spirotrichea",1,0.000728332119446468
5,149,"A5","Sporidiobolales",0,0
5,149,"A5","Taphrinales",0,0
5,149,"A5","Tremellales",0,0
5,149,"A5","Trichosporonales",0,0
5,149,"A6","Acari",0,0
5,149,"A6","Agaricales",0,0
5,149,"A6","Ascaridida",106,0.0558482613277134
5,149,"A6","Asterales",19,0.0100105374077977
5,149,"A6","Bacillariophytina",0,0
5,149,"A6","Capnodiales",1,0.000526870389884088
5,149,"A6","Chaetothyriales",1,0.000526870389884088
5,149,"A6","Chlamydomonadales",0,0
5,149,"A6","Chromulinales",41,0.0216016859852476
5,149,"A6","Coccidia",0,0
5,149,"A6","Coleoptera",5,0.00263435194942044
5,149,"A6","Collembola",0,0
5,149,"A6","Conthreep",29,0.0152792413066386
5,149,"A6","Cryomonadida",0,0
5,149,"A6","Diptera",1521,0.801369863013699
5,149,"A6","Eurotiales",4,0.00210748155953635
5,149,"A6","Eustigmatales",0,0
5,149,"A6","Fabales",22,0.0115911485774499
5,149,"A6","Filobasidiales",0,0
5,149,"A6","Gregarinasina",0,0
5,149,"A6","Liliopsida",8,0.00421496311907271
5,149,"A6","Litostomatea",0,0
5,149,"A6","Malasseziales",14,0.00737618545837724
5,149,"A6","Metakinetoplastina",36,0.0189673340358272
5,149,"A6","Mucorales",2,0.00105374077976818
5,149,"A6","Opiliones",0,0
5,149,"A6","Peronosporomycetes",0,0
5,149,"A6","Pleosporales",45,0.023709167544784
5,149,"A6","Polyporales",5,0.00263435194942044
5,149,"A6","Ranunculales",0,0
5,149,"A6","Rare",7,0.00368809272918862
5,149,"A6","Rhabditida",5,0.00263435194942044
5,149,"A6","Saccharomycetales",27,0.0142255005268704
5,149,"A6","Sapindales",0,0
5,149,"A6","Schizosaccharomycetales",0,0
5,149,"A6","Spirotrichea",0,0
5,149,"A6","Sporidiobolales",0,0
5,149,"A6","Taphrinales",0,0
5,149,"A6","Tremellales",0,0
5,149,"A6","Trichosporonales",0,0
7,209,"A1","Acari",0,0
7,209,"A1","Agaricales",0,0
7,209,"A1","Ascaridida",0,0
7,209,"A1","Asterales",0,0
7,209,"A1","Bacillariophytina",0,0
7,209,"A1","Capnodiales",7,0.000256720577988044
7,209,"A1","Chaetothyriales",0,0
7,209,"A1","Chlamydomonadales",0,0
7,209,"A1","Chromulinales",30,0.00110023104852019
7,209,"A1","Coccidia",18,0.000660138629112114
7,209,"A1","Coleoptera",92,0.00337404188212858
7,209,"A1","Collembola",0,0
7,209,"A1","Conthreep",39,0.00143030036307625
7,209,"A1","Cryomonadida",16,0.000586789892544101
7,209,"A1","Diptera",23077,0.846334396890014
7,209,"A1","Eurotiales",28,0.00102688231195218
7,209,"A1","Eustigmatales",0,0
7,209,"A1","Fabales",0,0
7,209,"A1","Filobasidiales",0,0
7,209,"A1","Gregarinasina",357,0.0130927494773903
7,209,"A1","Liliopsida",1,3.66743682840063e-05
7,209,"A1","Litostomatea",0,0
7,209,"A1","Malasseziales",2550,0.0935196391242161
7,209,"A1","Metakinetoplastina",0,0
7,209,"A1","Mucorales",0,0
7,209,"A1","Opiliones",0,0
7,209,"A1","Peronosporomycetes",0,0
7,209,"A1","Pleosporales",194,0.00711482744709722
7,209,"A1","Polyporales",0,0
7,209,"A1","Ranunculales",0,0
7,209,"A1","Rare",7,0.000256720577988044
7,209,"A1","Rhabditida",799,0.029302820258921
7,209,"A1","Saccharomycetales",49,0.00179704404591631
7,209,"A1","Sapindales",0,0
7,209,"A1","Schizosaccharomycetales",0,0
7,209,"A1","Spirotrichea",0,0
7,209,"A1","Sporidiobolales",1,3.66743682840063e-05
7,209,"A1","Taphrinales",0,0
7,209,"A1","Tremellales",2,7.33487365680126e-05
7,209,"A1","Trichosporonales",0,0
7,209,"A2","Acari",0,0
7,209,"A2","Agaricales",10,0.000235393813850572
7,209,"A2","Ascaridida",0,0
7,209,"A2","Asterales",0,0
7,209,"A2","Bacillariophytina",12,0.000282472576620686
7,209,"A2","Capnodiales",38,0.000894496492632174
7,209,"A2","Chaetothyriales",15,0.000353090720775858
7,209,"A2","Chlamydomonadales",0,0
7,209,"A2","Chromulinales",45,0.00105927216232757
7,209,"A2","Coccidia",0,0
7,209,"A2","Coleoptera",150,0.00353090720775858
7,209,"A2","Collembola",2,4.70787627701144e-05
7,209,"A2","Conthreep",2,4.70787627701144e-05
7,209,"A2","Cryomonadida",43,0.00101219339955746
7,209,"A2","Diptera",36507,0.859352196224283
7,209,"A2","Eurotiales",31,0.000729720822936773
7,209,"A2","Eustigmatales",6,0.000141236288310343
7,209,"A2","Fabales",0,0
7,209,"A2","Filobasidiales",1,2.35393813850572e-05
7,209,"A2","Gregarinasina",3,7.06181441551716e-05
7,209,"A2","Liliopsida",33,0.000776799585706888
7,209,"A2","Litostomatea",0,0
7,209,"A2","Malasseziales",24,0.000564945153241373
7,209,"A2","Metakinetoplastina",6,0.000141236288310343
7,209,"A2","Mucorales",22,0.000517866390471258
7,209,"A2","Opiliones",0,0
7,209,"A2","Peronosporomycetes",10,0.000235393813850572
7,209,"A2","Pleosporales",910,0.0214208370604021
7,209,"A2","Polyporales",3,7.06181441551716e-05
7,209,"A2","Ranunculales",0,0
7,209,"A2","Rare",129,0.00303658019867238
7,209,"A2","Rhabditida",1611,0.0379219434113272
7,209,"A2","Saccharomycetales",2794,0.0657690315898498
7,209,"A2","Sapindales",17,0.000400169483545972
7,209,"A2","Schizosaccharomycetales",0,0
7,209,"A2","Spirotrichea",0,0
7,209,"A2","Sporidiobolales",7,0.0001647756696954
7,209,"A2","Taphrinales",5,0.000117696906925286
7,209,"A2","Tremellales",23,0.000541405771856316
7,209,"A2","Trichosporonales",23,0.000541405771856316
7,209,"A3","Acari",0,0
7,209,"A3","Agaricales",0,0
7,209,"A3","Ascaridida",0,0
7,209,"A3","Asterales",0,0
7,209,"A3","Bacillariophytina",0,0
7,209,"A3","Capnodiales",0,0
7,209,"A3","Chaetothyriales",0,0
7,209,"A3","Chlamydomonadales",0,0
7,209,"A3","Chromulinales",1,4.70588235294118e-05
7,209,"A3","Coccidia",1,4.70588235294118e-05
7,209,"A3","Coleoptera",6,0.000282352941176471
7,209,"A3","Collembola",0,0
7,209,"A3","Conthreep",1,4.70588235294118e-05
7,209,"A3","Cryomonadida",0,0
7,209,"A3","Diptera",21187,0.997035294117647
7,209,"A3","Eurotiales",0,0
7,209,"A3","Eustigmatales",0,0
7,209,"A3","Fabales",1,4.70588235294118e-05
7,209,"A3","Filobasidiales",1,4.70588235294118e-05
7,209,"A3","Gregarinasina",0,0
7,209,"A3","Liliopsida",1,4.70588235294118e-05
7,209,"A3","Litostomatea",0,0
7,209,"A3","Malasseziales",0,0
7,209,"A3","Metakinetoplastina",0,0
7,209,"A3","Mucorales",0,0
7,209,"A3","Opiliones",0,0
7,209,"A3","Peronosporomycetes",0,0
7,209,"A3","Pleosporales",4,0.000188235294117647
7,209,"A3","Polyporales",0,0
7,209,"A3","Ranunculales",0,0
7,209,"A3","Rare",1,4.70588235294118e-05
7,209,"A3","Rhabditida",7,0.000329411764705882
7,209,"A3","Saccharomycetales",33,0.00155294117647059
7,209,"A3","Sapindales",0,0
7,209,"A3","Schizosaccharomycetales",0,0
7,209,"A3","Spirotrichea",0,0
7,209,"A3","Sporidiobolales",3,0.000141176470588235
7,209,"A3","Taphrinales",0,0
7,209,"A3","Tremellales",0,0
7,209,"A3","Trichosporonales",3,0.000141176470588235
7,209,"A4","Acari",2,8.81018457336681e-05
7,209,"A4","Agaricales",0,0
7,209,"A4","Ascaridida",0,0
7,209,"A4","Asterales",0,0
7,209,"A4","Bacillariophytina",0,0
7,209,"A4","Capnodiales",1,4.40509228668341e-05
7,209,"A4","Chaetothyriales",0,0
7,209,"A4","Chlamydomonadales",0,0
7,209,"A4","Chromulinales",0,0
7,209,"A4","Coccidia",0,0
7,209,"A4","Coleoptera",19,0.000836967534469847
7,209,"A4","Collembola",0,0
7,209,"A4","Conthreep",2,8.81018457336681e-05
7,209,"A4","Cryomonadida",1,4.40509228668341e-05
7,209,"A4","Diptera",22401,0.98678472313995
7,209,"A4","Eurotiales",5,0.00022025461433417
7,209,"A4","Eustigmatales",0,0
7,209,"A4","Fabales",0,0
7,209,"A4","Filobasidiales",0,0
7,209,"A4","Gregarinasina",0,0
7,209,"A4","Liliopsida",4,0.000176203691467336
7,209,"A4","Litostomatea",0,0
7,209,"A4","Malasseziales",0,0
7,209,"A4","Metakinetoplastina",1,4.40509228668341e-05
7,209,"A4","Mucorales",5,0.00022025461433417
7,209,"A4","Opiliones",0,0
7,209,"A4","Peronosporomycetes",0,0
7,209,"A4","Pleosporales",33,0.00145368045460552
7,209,"A4","Polyporales",0,0
7,209,"A4","Ranunculales",0,0
7,209,"A4","Rare",6,0.000264305537201004
7,209,"A4","Rhabditida",80,0.00352407382934672
7,209,"A4","Saccharomycetales",134,0.00590282366415576
7,209,"A4","Sapindales",1,4.40509228668341e-05
7,209,"A4","Schizosaccharomycetales",2,8.81018457336681e-05
7,209,"A4","Spirotrichea",0,0
7,209,"A4","Sporidiobolales",1,4.40509228668341e-05
7,209,"A4","Taphrinales",1,4.40509228668341e-05
7,209,"A4","Tremellales",0,0
7,209,"A4","Trichosporonales",2,8.81018457336681e-05
7,209,"A5","Acari",0,0
7,209,"A5","Agaricales",0,0
7,209,"A5","Ascaridida",0,0
7,209,"A5","Asterales",2,8.04828973843058e-05
7,209,"A5","Bacillariophytina",2,8.04828973843058e-05
7,209,"A5","Capnodiales",3,0.000120724346076459
7,209,"A5","Chaetothyriales",3,0.000120724346076459
7,209,"A5","Chlamydomonadales",0,0
7,209,"A5","Chromulinales",1,4.02414486921529e-05
7,209,"A5","Coccidia",0,0
7,209,"A5","Coleoptera",32,0.00128772635814889
7,209,"A5","Collembola",0,0
7,209,"A5","Conthreep",29,0.00116700201207243
7,209,"A5","Cryomonadida",0,0
7,209,"A5","Diptera",22303,0.897505030181087
7,209,"A5","Eurotiales",11,0.000442655935613682
7,209,"A5","Eustigmatales",0,0
7,209,"A5","Fabales",0,0
7,209,"A5","Filobasidiales",0,0
7,209,"A5","Gregarinasina",0,0
7,209,"A5","Liliopsida",28,0.00112676056338028
7,209,"A5","Litostomatea",1,4.02414486921529e-05
7,209,"A5","Malasseziales",1,4.02414486921529e-05
7,209,"A5","Metakinetoplastina",0,0
7,209,"A5","Mucorales",0,0
7,209,"A5","Opiliones",0,0
7,209,"A5","Peronosporomycetes",0,0
7,209,"A5","Pleosporales",52,0.00209255533199195
7,209,"A5","Polyporales",1,4.02414486921529e-05
7,209,"A5","Ranunculales",25,0.00100603621730382
7,209,"A5","Rare",11,0.000442655935613682
7,209,"A5","Rhabditida",550,0.0221327967806841
7,209,"A5","Saccharomycetales",1785,0.071830985915493
7,209,"A5","Sapindales",0,0
7,209,"A5","Schizosaccharomycetales",0,0
7,209,"A5","Spirotrichea",0,0
7,209,"A5","Sporidiobolales",4,0.000160965794768612
7,209,"A5","Taphrinales",0,0
7,209,"A5","Tremellales",1,4.02414486921529e-05
7,209,"A5","Trichosporonales",5,0.000201207243460765
7,209,"A6","Acari",0,0
7,209,"A6","Agaricales",0,0
7,209,"A6","Ascaridida",0,0
7,209,"A6","Asterales",0,0
7,209,"A6","Bacillariophytina",0,0
7,209,"A6","Capnodiales",15,0.00250083361120373
7,209,"A6","Chaetothyriales",96,0.0160053351117039
7,209,"A6","Chlamydomonadales",0,0
7,209,"A6","Chromulinales",233,0.0388462820940313
7,209,"A6","Coccidia",0,0
7,209,"A6","Coleoptera",21,0.00350116705568523
7,209,"A6","Collembola",0,0
7,209,"A6","Conthreep",152,0.0253417805935312
7,209,"A6","Cryomonadida",0,0
7,209,"A6","Diptera",616,0.1027009003001
7,209,"A6","Eurotiales",45,0.0075025008336112
7,209,"A6","Eustigmatales",148,0.0246748916305435
7,209,"A6","Fabales",9,0.00150050016672224
7,209,"A6","Filobasidiales",0,0
7,209,"A6","Gregarinasina",0,0
7,209,"A6","Liliopsida",209,0.0348449483161054
7,209,"A6","Litostomatea",0,0
7,209,"A6","Malasseziales",0,0
7,209,"A6","Metakinetoplastina",2,0.000333444481493831
7,209,"A6","Mucorales",0,0
7,209,"A6","Opiliones",0,0
7,209,"A6","Peronosporomycetes",0,0
7,209,"A6","Pleosporales",1181,0.196898966322107
7,209,"A6","Polyporales",20,0.00333444481493831
7,209,"A6","Ranunculales",73,0.0121707235745248
7,209,"A6","Rare",103,0.0171723907969323
7,209,"A6","Rhabditida",2653,0.442314104701567
7,209,"A6","Saccharomycetales",356,0.059353117705902
7,209,"A6","Sapindales",0,0
7,209,"A6","Schizosaccharomycetales",15,0.00250083361120373
7,209,"A6","Spirotrichea",0,0
7,209,"A6","Sporidiobolales",6,0.00100033344448149
7,209,"A6","Taphrinales",1,0.000166722240746916
7,209,"A6","Tremellales",35,0.00583527842614205
7,209,"A6","Trichosporonales",9,0.00150050016672224
9,267,"A1","Acari",0,0
9,267,"A1","Agaricales",0,0
9,267,"A1","Ascaridida",0,0
9,267,"A1","Asterales",0,0
9,267,"A1","Bacillariophytina",0,0
9,267,"A1","Capnodiales",0,0
9,267,"A1","Chaetothyriales",0,0
9,267,"A1","Chlamydomonadales",12,0.0016249153689912
9,267,"A1","Chromulinales",0,0
9,267,"A1","Coccidia",0,0
9,267,"A1","Coleoptera",2,0.0002708192281652
9,267,"A1","Collembola",63,0.00853080568720379
9,267,"A1","Conthreep",32,0.0043331076506432
9,267,"A1","Cryomonadida",1,0.0001354096140826
9,267,"A1","Diptera",793,0.107379823967502
9,267,"A1","Eurotiales",3,0.0004062288422478
9,267,"A1","Eustigmatales",0,0
9,267,"A1","Fabales",0,0
9,267,"A1","Filobasidiales",0,0
9,267,"A1","Gregarinasina",0,0
9,267,"A1","Liliopsida",3,0.0004062288422478
9,267,"A1","Litostomatea",0,0
9,267,"A1","Malasseziales",0,0
9,267,"A1","Metakinetoplastina",0,0
9,267,"A1","Mucorales",0,0
9,267,"A1","Opiliones",0,0
9,267,"A1","Peronosporomycetes",0,0
9,267,"A1","Pleosporales",7,0.000947867298578199
9,267,"A1","Polyporales",0,0
9,267,"A1","Ranunculales",0,0
9,267,"A1","Rare",4,0.0005416384563304
9,267,"A1","Rhabditida",6359,0.861069735951253
9,267,"A1","Saccharomycetales",12,0.0016249153689912
9,267,"A1","Sapindales",93,0.0125930941096818
9,267,"A1","Schizosaccharomycetales",0,0
9,267,"A1","Spirotrichea",0,0
9,267,"A1","Sporidiobolales",0,0
9,267,"A1","Taphrinales",0,0
9,267,"A1","Tremellales",0,0
9,267,"A1","Trichosporonales",1,0.0001354096140826
9,267,"A2","Acari",0,0
9,267,"A2","Agaricales",0,0
9,267,"A2","Ascaridida",0,0
9,267,"A2","Asterales",0,0
9,267,"A2","Bacillariophytina",0,0
9,267,"A2","Capnodiales",0,0
9,267,"A2","Chaetothyriales",0,0
9,267,"A2","Chlamydomonadales",0,0
9,267,"A2","Chromulinales",0,0
9,267,"A2","Coccidia",0,0
9,267,"A2","Coleoptera",0,0
9,267,"A2","Collembola",0,0
9,267,"A2","Conthreep",1,0.000177053824362606
9,267,"A2","Cryomonadida",0,0
9,267,"A2","Diptera",822,0.145538243626062
9,267,"A2","Eurotiales",0,0
9,267,"A2","Eustigmatales",0,0
9,267,"A2","Fabales",0,0
9,267,"A2","Filobasidiales",0,0
9,267,"A2","Gregarinasina",32,0.0056657223796034
9,267,"A2","Liliopsida",0,0
9,267,"A2","Litostomatea",0,0
9,267,"A2","Malasseziales",0,0
9,267,"A2","Metakinetoplastina",0,0
9,267,"A2","Mucorales",2,0.000354107648725212
9,267,"A2","Opiliones",0,0
9,267,"A2","Peronosporomycetes",0,0
9,267,"A2","Pleosporales",5,0.000885269121813031
9,267,"A2","Polyporales",0,0
9,267,"A2","Ranunculales",0,0
9,267,"A2","Rare",4,0.000708215297450425
9,267,"A2","Rhabditida",4760,0.842776203966006
9,267,"A2","Saccharomycetales",22,0.00389518413597734
9,267,"A2","Sapindales",0,0
9,267,"A2","Schizosaccharomycetales",0,0
9,267,"A2","Spirotrichea",0,0
9,267,"A2","Sporidiobolales",0,0
9,267,"A2","Taphrinales",0,0
9,267,"A2","Tremellales",0,0
9,267,"A2","Trichosporonales",0,0
9,267,"A3","Acari",0,0
9,267,"A3","Agaricales",0,0
9,267,"A3","Ascaridida",0,0
9,267,"A3","Asterales",0,0
9,267,"A3","Bacillariophytina",0,0
9,267,"A3","Capnodiales",2,0.000115400150020195
9,267,"A3","Chaetothyriales",0,0
9,267,"A3","Chlamydomonadales",0,0
9,267,"A3","Chromulinales",0,0
9,267,"A3","Coccidia",7,0.000403900525070683
9,267,"A3","Coleoptera",2,0.000115400150020195
9,267,"A3","Collembola",0,0
9,267,"A3","Conthreep",18,0.00103860135018176
9,267,"A3","Cryomonadida",0,0
9,267,"A3","Diptera",14165,0.817321562518031
9,267,"A3","Eurotiales",10,0.000577000750100975
9,267,"A3","Eustigmatales",0,0
9,267,"A3","Fabales",0,0
9,267,"A3","Filobasidiales",2,0.000115400150020195
9,267,"A3","Gregarinasina",0,0
9,267,"A3","Liliopsida",1,5.77000750100975e-05
9,267,"A3","Litostomatea",0,0
9,267,"A3","Malasseziales",0,0
9,267,"A3","Metakinetoplastina",2,0.000115400150020195
9,267,"A3","Mucorales",3,0.000173100225030293
9,267,"A3","Opiliones",0,0
9,267,"A3","Peronosporomycetes",3,0.000173100225030293
9,267,"A3","Pleosporales",57,0.00328890427557556
9,267,"A3","Polyporales",1,5.77000750100975e-05
9,267,"A3","Ranunculales",0,0
9,267,"A3","Rare",12,0.00069240090012117
9,267,"A3","Rhabditida",2752,0.158790606427788
9,267,"A3","Saccharomycetales",279,0.0160983209278172
9,267,"A3","Sapindales",0,0
9,267,"A3","Schizosaccharomycetales",2,0.000115400150020195
9,267,"A3","Spirotrichea",0,0
9,267,"A3","Sporidiobolales",1,5.77000750100975e-05
9,267,"A3","Taphrinales",0,0
9,267,"A3","Tremellales",0,0
9,267,"A3","Trichosporonales",12,0.00069240090012117
9,267,"A4","Acari",0,0
9,267,"A4","Agaricales",15,0.000621195179525407
9,267,"A4","Ascaridida",0,0
9,267,"A4","Asterales",23,0.000952499275272291
9,267,"A4","Bacillariophytina",0,0
9,267,"A4","Capnodiales",151,0.00625336480722243
9,267,"A4","Chaetothyriales",10,0.000414130119683605
9,267,"A4","Chlamydomonadales",0,0
9,267,"A4","Chromulinales",1,4.14130119683605e-05
9,267,"A4","Coccidia",63,0.00260901975400671
9,267,"A4","Coleoptera",67,0.00277467180188015
9,267,"A4","Collembola",0,0
9,267,"A4","Conthreep",182,0.0075371681782416
9,267,"A4","Cryomonadida",104,0.00430695324470949
9,267,"A4","Diptera",392,0.0162339006915973
9,267,"A4","Eurotiales",116,0.00480390938832981
9,267,"A4","Eustigmatales",0,0
9,267,"A4","Fabales",0,0
9,267,"A4","Filobasidiales",18,0.000745434215430488
9,267,"A4","Gregarinasina",697,0.0288648693419472
9,267,"A4","Liliopsida",79,0.00327162794550048
9,267,"A4","Litostomatea",74,0.00306456288565867
9,267,"A4","Malasseziales",10,0.000414130119683605
9,267,"A4","Metakinetoplastina",9,0.000372717107715244
9,267,"A4","Mucorales",59,0.00244336770613327
9,267,"A4","Opiliones",0,0
9,267,"A4","Peronosporomycetes",581,0.0240609599536174
9,267,"A4","Pleosporales",2805,0.116163498571251
9,267,"A4","Polyporales",6,0.000248478071810163
9,267,"A4","Ranunculales",0,0
9,267,"A4","Rare",277,0.0114714043152359
9,267,"A4","Rhabditida",14748,0.61075910050938
9,267,"A4","Saccharomycetales",3499,0.144904128877293
9,267,"A4","Sapindales",0,0
9,267,"A4","Schizosaccharomycetales",28,0.00115956433511409
9,267,"A4","Spirotrichea",0,0
9,267,"A4","Sporidiobolales",1,4.14130119683605e-05
9,267,"A4","Taphrinales",37,0.00153228144282934
9,267,"A4","Tremellales",76,0.00314738890959539
9,267,"A4","Trichosporonales",19,0.000786847227398849
9,267,"A5","Acari",0,0
9,267,"A5","Agaricales",0,0
9,267,"A5","Ascaridida",0,0
9,267,"A5","Asterales",0,0
9,267,"A5","Bacillariophytina",0,0
9,267,"A5","Capnodiales",7,0.000461041954817888
9,267,"A5","Chaetothyriales",1,6.58631364025555e-05
9,267,"A5","Chlamydomonadales",0,0
9,267,"A5","Chromulinales",0,0
9,267,"A5","Coccidia",0,0
9,267,"A5","Coleoptera",25,0.00164657841006389
9,267,"A5","Collembola",0,0
9,267,"A5","Conthreep",1,6.58631364025555e-05
9,267,"A5","Cryomonadida",0,0
9,267,"A5","Diptera",24,0.00158071527366133
9,267,"A5","Eurotiales",11,0.00072449450042811
9,267,"A5","Eustigmatales",0,0
9,267,"A5","Fabales",2,0.000131726272805111
9,267,"A5","Filobasidiales",24,0.00158071527366133
9,267,"A5","Gregarinasina",0,0
9,267,"A5","Liliopsida",4,0.000263452545610222
9,267,"A5","Litostomatea",0,0
9,267,"A5","Malasseziales",0,0
9,267,"A5","Metakinetoplastina",2,0.000131726272805111
9,267,"A5","Mucorales",1,6.58631364025555e-05
9,267,"A5","Opiliones",0,0
9,267,"A5","Peronosporomycetes",0,0
9,267,"A5","Pleosporales",67,0.00441283013897122
9,267,"A5","Polyporales",1,6.58631364025555e-05
9,267,"A5","Ranunculales",0,0
9,267,"A5","Rare",20,0.00131726272805111
9,267,"A5","Rhabditida",12092,0.796417045379701
9,267,"A5","Saccharomycetales",2841,0.18711717051966
9,267,"A5","Sapindales",0,0
9,267,"A5","Schizosaccharomycetales",2,0.000131726272805111
9,267,"A5","Spirotrichea",1,6.58631364025555e-05
9,267,"A5","Sporidiobolales",5,0.000329315682012777
9,267,"A5","Taphrinales",0,0
9,267,"A5","Tremellales",10,0.000658631364025555
9,267,"A5","Trichosporonales",42,0.00276625172890733
9,267,"A6","Acari",1,0.000328515111695138
9,267,"A6","Agaricales",0,0
9,267,"A6","Ascaridida",0,0
9,267,"A6","Asterales",0,0
9,267,"A6","Bacillariophytina",0,0
9,267,"A6","Capnodiales",23,0.00755584756898817
9,267,"A6","Chaetothyriales",21,0.0068988173455979
9,267,"A6","Chlamydomonadales",0,0
9,267,"A6","Chromulinales",0,0
9,267,"A6","Coccidia",0,0
9,267,"A6","Coleoptera",59,0.0193823915900131
9,267,"A6","Collembola",608,0.199737187910644
9,267,"A6","Conthreep",155,0.0509198423127464
9,267,"A6","Cryomonadida",3,0.000985545335085414
9,267,"A6","Diptera",26,0.00854139290407359
9,267,"A6","Eurotiales",1,0.000328515111695138
9,267,"A6","Eustigmatales",0,0
9,267,"A6","Fabales",22,0.00722733245729304
9,267,"A6","Filobasidiales",1,0.000328515111695138
9,267,"A6","Gregarinasina",0,0
9,267,"A6","Liliopsida",8,0.0026281208935611
9,267,"A6","Litostomatea",108,0.0354796320630749
9,267,"A6","Malasseziales",46,0.0151116951379763
9,267,"A6","Metakinetoplastina",72,0.0236530880420499
9,267,"A6","Mucorales",0,0
9,267,"A6","Opiliones",0,0
9,267,"A6","Peronosporomycetes",0,0
9,267,"A6","Pleosporales",1004,0.329829172141919
9,267,"A6","Polyporales",2,0.000657030223390276
9,267,"A6","Ranunculales",0,0
9,267,"A6","Rare",41,0.0134691195795007
9,267,"A6","Rhabditida",735,0.241458607095926
9,267,"A6","Saccharomycetales",64,0.0210249671484888
9,267,"A6","Sapindales",0,0
9,267,"A6","Schizosaccharomycetales",0,0
9,267,"A6","Spirotrichea",0,0
9,267,"A6","Sporidiobolales",2,0.000657030223390276
9,267,"A6","Taphrinales",7,0.00229960578186597
9,267,"A6","Tremellales",34,0.0111695137976347
9,267,"A6","Trichosporonales",1,0.000328515111695138
11,326,"A1","Acari",0,0
11,326,"A1","Agaricales",0,0
11,326,"A1","Ascaridida",0,0
11,326,"A1","Asterales",0,0
11,326,"A1","Bacillariophytina",0,0
11,326,"A1","Capnodiales",8,0.000299389992889488
11,326,"A1","Chaetothyriales",2,7.48474982223719e-05
11,326,"A1","Chlamydomonadales",0,0
11,326,"A1","Chromulinales",0,0
11,326,"A1","Coccidia",0,0
11,326,"A1","Coleoptera",4,0.000149694996444744
11,326,"A1","Collembola",39,0.00145952621533625
11,326,"A1","Conthreep",1,3.7423749111186e-05
11,326,"A1","Cryomonadida",0,0
11,326,"A1","Diptera",39,0.00145952621533625
11,326,"A1","Eurotiales",884,0.0330825942142884
11,326,"A1","Eustigmatales",0,0
11,326,"A1","Fabales",0,0
11,326,"A1","Filobasidiales",24,0.000898169978668463
11,326,"A1","Gregarinasina",0,0
11,326,"A1","Liliopsida",79,0.00295647617978369
11,326,"A1","Litostomatea",1,3.7423749111186e-05
11,326,"A1","Malasseziales",25,0.000935593727779649
11,326,"A1","Metakinetoplastina",1,3.7423749111186e-05
11,326,"A1","Mucorales",23,0.000860746229557277
11,326,"A1","Opiliones",0,0
11,326,"A1","Peronosporomycetes",31,0.00116013622244676
11,326,"A1","Pleosporales",378,0.0141461771640283
11,326,"A1","Polyporales",0,0
11,326,"A1","Ranunculales",0,0
11,326,"A1","Rare",176,0.00658657984356873
11,326,"A1","Rhabditida",24116,0.902511133565361
11,326,"A1","Saccharomycetales",838,0.0313611017551738
11,326,"A1","Sapindales",0,0
11,326,"A1","Schizosaccharomycetales",0,0
11,326,"A1","Spirotrichea",0,0
11,326,"A1","Sporidiobolales",3,0.000112271247333558
11,326,"A1","Taphrinales",0,0
11,326,"A1","Tremellales",12,0.000449084989334231
11,326,"A1","Trichosporonales",37,0.00138467871711388
11,326,"A2","Acari",0,0
11,326,"A2","Agaricales",0,0
11,326,"A2","Ascaridida",0,0
11,326,"A2","Asterales",0,0
11,326,"A2","Bacillariophytina",0,0
11,326,"A2","Capnodiales",17,0.000754817511766273
11,326,"A2","Chaetothyriales",1,4.44010301038984e-05
11,326,"A2","Chlamydomonadales",0,0
11,326,"A2","Chromulinales",0,0
11,326,"A2","Coccidia",0,0
11,326,"A2","Coleoptera",0,0
11,326,"A2","Collembola",159,0.00705976378651985
11,326,"A2","Conthreep",0,0
11,326,"A2","Cryomonadida",3,0.000133203090311695
11,326,"A2","Diptera",16808,0.746292513986324
11,326,"A2","Eurotiales",109,0.00483971228132493
11,326,"A2","Eustigmatales",0,0
11,326,"A2","Fabales",0,0
11,326,"A2","Filobasidiales",21,0.000932421632181867
11,326,"A2","Gregarinasina",0,0
11,326,"A2","Liliopsida",2,8.88020602077968e-05
11,326,"A2","Litostomatea",1,4.44010301038984e-05
11,326,"A2","Malasseziales",89,0.00395169167924696
11,326,"A2","Metakinetoplastina",54,0.00239765562561051
11,326,"A2","Mucorales",57,0.00253085871592221
11,326,"A2","Opiliones",0,0
11,326,"A2","Peronosporomycetes",0,0
11,326,"A2","Pleosporales",254,0.0112778616463902
11,326,"A2","Polyporales",0,0
11,326,"A2","Ranunculales",0,0
11,326,"A2","Rare",22,0.000976822662285765
11,326,"A2","Rhabditida",801,0.0355652251132226
11,326,"A2","Saccharomycetales",4079,0.181111801793802
11,326,"A2","Sapindales",0,0
11,326,"A2","Schizosaccharomycetales",0,0
11,326,"A2","Spirotrichea",0,0
11,326,"A2","Sporidiobolales",3,0.000133203090311695
11,326,"A2","Taphrinales",0,0
11,326,"A2","Tremellales",9,0.000399609270935086
11,326,"A2","Trichosporonales",33,0.00146523399342865
11,326,"A3","Acari",0,0
11,326,"A3","Agaricales",0,0
11,326,"A3","Ascaridida",0,0
11,326,"A3","Asterales",0,0
11,326,"A3","Bacillariophytina",0,0
11,326,"A3","Capnodiales",1,0.000113597637169147
11,326,"A3","Chaetothyriales",0,0
11,326,"A3","Chlamydomonadales",0,0
11,326,"A3","Chromulinales",0,0
11,326,"A3","Coccidia",138,0.0156764739293423
11,326,"A3","Coleoptera",0,0
11,326,"A3","Collembola",0,0
11,326,"A3","Conthreep",0,0
11,326,"A3","Cryomonadida",0,0
11,326,"A3","Diptera",213,0.0241962967170283
11,326,"A3","Eurotiales",25,0.00283994092922867
11,326,"A3","Eustigmatales",0,0
11,326,"A3","Fabales",921,0.104623423832784
11,326,"A3","Filobasidiales",0,0
11,326,"A3","Gregarinasina",0,0
11,326,"A3","Liliopsida",0,0
11,326,"A3","Litostomatea",1,0.000113597637169147
11,326,"A3","Malasseziales",0,0
11,326,"A3","Metakinetoplastina",1,0.000113597637169147
11,326,"A3","Mucorales",2,0.000227195274338294
11,326,"A3","Opiliones",0,0
11,326,"A3","Peronosporomycetes",0,0
11,326,"A3","Pleosporales",9,0.00102237873452232
11,326,"A3","Polyporales",1,0.000113597637169147
11,326,"A3","Ranunculales",0,0
11,326,"A3","Rare",7,0.000795183460184029
11,326,"A3","Rhabditida",6612,0.751107576962399
11,326,"A3","Saccharomycetales",866,0.0983755537884812
11,326,"A3","Sapindales",0,0
11,326,"A3","Schizosaccharomycetales",0,0
11,326,"A3","Spirotrichea",0,0
11,326,"A3","Sporidiobolales",1,0.000113597637169147
11,326,"A3","Taphrinales",0,0
11,326,"A3","Tremellales",0,0
11,326,"A3","Trichosporonales",5,0.000567988185845734
11,326,"A4","Acari",0,0
11,326,"A4","Agaricales",0,0
11,326,"A4","Ascaridida",0,0
11,326,"A4","Asterales",0,0
11,326,"A4","Bacillariophytina",0,0
11,326,"A4","Capnodiales",0,0
11,326,"A4","Chaetothyriales",1,5.42976597708639e-05
11,326,"A4","Chlamydomonadales",0,0
11,326,"A4","Chromulinales",0,0
11,326,"A4","Coccidia",0,0
11,326,"A4","Coleoptera",471,0.0255741977520769
11,326,"A4","Collembola",2,0.000108595319541728
11,326,"A4","Conthreep",30,0.00162892979312592
11,326,"A4","Cryomonadida",0,0
11,326,"A4","Diptera",496,0.0269316392463485
11,326,"A4","Eurotiales",6,0.000325785958625183
11,326,"A4","Eustigmatales",0,0
11,326,"A4","Fabales",0,0
11,326,"A4","Filobasidiales",1,5.42976597708639e-05
11,326,"A4","Gregarinasina",5,0.000271488298854319
11,326,"A4","Liliopsida",21,0.00114025085518814
11,326,"A4","Litostomatea",64,0.00347505022533529
11,326,"A4","Malasseziales",0,0
11,326,"A4","Metakinetoplastina",11,0.000597274257479503
11,326,"A4","Mucorales",1,5.42976597708639e-05
11,326,"A4","Opiliones",0,0
11,326,"A4","Peronosporomycetes",0,0
11,326,"A4","Pleosporales",17,0.000923060216104686
11,326,"A4","Polyporales",0,0
11,326,"A4","Ranunculales",0,0
11,326,"A4","Rare",1,5.42976597708639e-05
11,326,"A4","Rhabditida",16892,0.917196068849433
11,326,"A4","Saccharomycetales",396,0.0215018732692621
11,326,"A4","Sapindales",0,0
11,326,"A4","Schizosaccharomycetales",0,0
11,326,"A4","Spirotrichea",1,5.42976597708639e-05
11,326,"A4","Sporidiobolales",1,5.42976597708639e-05
11,326,"A4","Taphrinales",0,0
11,326,"A4","Tremellales",0,0
11,326,"A4","Trichosporonales",0,0
11,326,"A5","Acari",0,0
11,326,"A5","Agaricales",1,6.49730361899812e-05
11,326,"A5","Ascaridida",0,0
11,326,"A5","Asterales",0,0
11,326,"A5","Bacillariophytina",0,0
11,326,"A5","Capnodiales",1,6.49730361899812e-05
11,326,"A5","Chaetothyriales",0,0
11,326,"A5","Chlamydomonadales",0,0
11,326,"A5","Chromulinales",0,0
11,326,"A5","Coccidia",0,0
11,326,"A5","Coleoptera",1,6.49730361899812e-05
11,326,"A5","Collembola",0,0
11,326,"A5","Conthreep",1,6.49730361899812e-05
11,326,"A5","Cryomonadida",0,0
11,326,"A5","Diptera",11,0.000714703398089793
11,326,"A5","Eurotiales",0,0
11,326,"A5","Eustigmatales",0,0
11,326,"A5","Fabales",1,6.49730361899812e-05
11,326,"A5","Filobasidiales",11,0.000714703398089793
11,326,"A5","Gregarinasina",0,0
11,326,"A5","Liliopsida",0,0
11,326,"A5","Litostomatea",0,0
11,326,"A5","Malasseziales",0,0
11,326,"A5","Metakinetoplastina",0,0
11,326,"A5","Mucorales",0,0
11,326,"A5","Opiliones",0,0
11,326,"A5","Peronosporomycetes",0,0
11,326,"A5","Pleosporales",43,0.00279384055616919
11,326,"A5","Polyporales",0,0
11,326,"A5","Ranunculales",0,0
11,326,"A5","Rare",1,6.49730361899812e-05
11,326,"A5","Rhabditida",688,0.044701448898707
11,326,"A5","Saccharomycetales",14590,0.947956598011825
11,326,"A5","Sapindales",0,0
11,326,"A5","Schizosaccharomycetales",0,0
11,326,"A5","Spirotrichea",0,0
11,326,"A5","Sporidiobolales",3,0.000194919108569943
11,326,"A5","Taphrinales",1,6.49730361899812e-05
11,326,"A5","Tremellales",0,0
11,326,"A5","Trichosporonales",38,0.00246897537521928
11,326,"A6","Acari",0,0
11,326,"A6","Agaricales",0,0
11,326,"A6","Ascaridida",0,0
11,326,"A6","Asterales",0,0
11,326,"A6","Bacillariophytina",0,0
11,326,"A6","Capnodiales",0,0
11,326,"A6","Chaetothyriales",0,0
11,326,"A6","Chlamydomonadales",0,0
11,326,"A6","Chromulinales",0,0
11,326,"A6","Coccidia",0,0
11,326,"A6","Coleoptera",8,0.00391006842619746
11,326,"A6","Collembola",1,0.000488758553274682
11,326,"A6","Conthreep",0,0
11,326,"A6","Cryomonadida",1,0.000488758553274682
11,326,"A6","Diptera",15,0.00733137829912024
11,326,"A6","Eurotiales",11,0.00537634408602151
11,326,"A6","Eustigmatales",0,0
11,326,"A6","Fabales",0,0
11,326,"A6","Filobasidiales",3,0.00146627565982405
11,326,"A6","Gregarinasina",0,0
11,326,"A6","Liliopsida",0,0
11,326,"A6","Litostomatea",0,0
11,326,"A6","Malasseziales",0,0
11,326,"A6","Metakinetoplastina",0,0
11,326,"A6","Mucorales",5,0.00244379276637341
11,326,"A6","Opiliones",0,0
11,326,"A6","Peronosporomycetes",0,0
11,326,"A6","Pleosporales",189,0.092375366568915
11,326,"A6","Polyporales",15,0.00733137829912024
11,326,"A6","Ranunculales",0,0
11,326,"A6","Rare",21,0.0102639296187683
11,326,"A6","Rhabditida",336,0.164222873900293
11,326,"A6","Saccharomycetales",1258,0.61485826001955
11,326,"A6","Sapindales",0,0
11,326,"A6","Schizosaccharomycetales",0,0
11,326,"A6","Spirotrichea",0,0
11,326,"A6","Sporidiobolales",29,0.0141739980449658
11,326,"A6","Taphrinales",0,0
11,326,"A6","Tremellales",27,0.0131964809384164
11,326,"A6","Trichosporonales",127,0.0620723362658847
13,390,"A1","Acari",0,0
13,390,"A1","Agaricales",0,0
13,390,"A1","Ascaridida",0,0
13,390,"A1","Asterales",0,0
13,390,"A1","Bacillariophytina",0,0
13,390,"A1","Capnodiales",1,1.65275597058094e-05
13,390,"A1","Chaetothyriales",0,0
13,390,"A1","Chlamydomonadales",0,0
13,390,"A1","Chromulinales",0,0
13,390,"A1","Coccidia",0,0
13,390,"A1","Coleoptera",46236,0.764168250557805
13,390,"A1","Collembola",3109,0.0513841831253615
13,390,"A1","Conthreep",39,0.000644574828526568
13,390,"A1","Cryomonadida",0,0
13,390,"A1","Diptera",770,0.0127262209734733
13,390,"A1","Eurotiales",132,0.00218163788116685
13,390,"A1","Eustigmatales",0,0
13,390,"A1","Fabales",0,0
13,390,"A1","Filobasidiales",1,1.65275597058094e-05
13,390,"A1","Gregarinasina",0,0
13,390,"A1","Liliopsida",5,8.26377985290472e-05
13,390,"A1","Litostomatea",2,3.30551194116189e-05
13,390,"A1","Malasseziales",9,0.000148748037352285
13,390,"A1","Metakinetoplastina",0,0
13,390,"A1","Mucorales",68,0.00112387405999504
13,390,"A1","Opiliones",0,0
13,390,"A1","Peronosporomycetes",0,0
13,390,"A1","Pleosporales",40,0.000661102388232377
13,390,"A1","Polyporales",10,0.000165275597058094
13,390,"A1","Ranunculales",0,0
13,390,"A1","Rare",46,0.000760267746467234
13,390,"A1","Rhabditida",7052,0.116552351045368
13,390,"A1","Saccharomycetales",2166,0.0357986943227832
13,390,"A1","Sapindales",0,0
13,390,"A1","Schizosaccharomycetales",1,1.65275597058094e-05
13,390,"A1","Spirotrichea",0,0
13,390,"A1","Sporidiobolales",2,3.30551194116189e-05
13,390,"A1","Taphrinales",0,0
13,390,"A1","Tremellales",1,1.65275597058094e-05
13,390,"A1","Trichosporonales",815,0.0134699611602347
13,390,"A2","Acari",0,0
13,390,"A2","Agaricales",1,2.92997363023733e-05
13,390,"A2","Ascaridida",0,0
13,390,"A2","Asterales",0,0
13,390,"A2","Bacillariophytina",0,0
13,390,"A2","Capnodiales",10,0.000292997363023733
13,390,"A2","Chaetothyriales",3,8.78992089071198e-05
13,390,"A2","Chlamydomonadales",0,0
13,390,"A2","Chromulinales",0,0
13,390,"A2","Coccidia",0,0
13,390,"A2","Coleoptera",24089,0.70580134778787
13,390,"A2","Collembola",44,0.00128918839730442
13,390,"A2","Conthreep",75,0.002197480222678
13,390,"A2","Cryomonadida",0,0
13,390,"A2","Diptera",2859,0.0837679460884852
13,390,"A2","Eurotiales",3,8.78992089071198e-05
13,390,"A2","Eustigmatales",0,0
13,390,"A2","Fabales",0,0
13,390,"A2","Filobasidiales",21,0.000615294462349839
13,390,"A2","Gregarinasina",0,0
13,390,"A2","Liliopsida",13,0.000380896571930853
13,390,"A2","Litostomatea",0,0
13,390,"A2","Malasseziales",4,0.000117198945209493
13,390,"A2","Metakinetoplastina",0,0
13,390,"A2","Mucorales",155,0.00454145912686786
13,390,"A2","Opiliones",0,0
13,390,"A2","Peronosporomycetes",3,8.78992089071198e-05
13,390,"A2","Pleosporales",168,0.00492235569879871
13,390,"A2","Polyporales",24,0.000703193671256959
13,390,"A2","Ranunculales",0,0
13,390,"A2","Rare",73,0.00213888075007325
13,390,"A2","Rhabditida",1359,0.0398183416349253
13,390,"A2","Saccharomycetales",4622,0.135423381189569
13,390,"A2","Sapindales",2,5.85994726047466e-05
13,390,"A2","Schizosaccharomycetales",0,0
13,390,"A2","Spirotrichea",0,0
13,390,"A2","Sporidiobolales",5,0.000146498681511866
13,390,"A2","Taphrinales",4,0.000117198945209493
13,390,"A2","Tremellales",1,2.92997363023733e-05
13,390,"A2","Trichosporonales",592,0.017345443891005
13,390,"A3","Acari",0,0
13,390,"A3","Agaricales",8,0.000281948262493832
13,390,"A3","Ascaridida",0,0
13,390,"A3","Asterales",19,0.000669627123422852
13,390,"A3","Bacillariophytina",0,0
13,390,"A3","Capnodiales",24,0.000845844787481497
13,390,"A3","Chaetothyriales",0,0
13,390,"A3","Chlamydomonadales",0,0
13,390,"A3","Chromulinales",20,0.000704870656234581
13,390,"A3","Coccidia",0,0
13,390,"A3","Coleoptera",32,0.00112779304997533
13,390,"A3","Collembola",127,0.00447592866708959
13,390,"A3","Conthreep",214,0.00754211602171002
13,390,"A3","Cryomonadida",14,0.000493409459364207
13,390,"A3","Diptera",721,0.0254105871572566
13,390,"A3","Eurotiales",90,0.00317191795305561
13,390,"A3","Eustigmatales",0,0
13,390,"A3","Fabales",0,0
13,390,"A3","Filobasidiales",20,0.000704870656234581
13,390,"A3","Gregarinasina",0,0
13,390,"A3","Liliopsida",0,0
13,390,"A3","Litostomatea",29,0.00102206245154014
13,390,"A3","Malasseziales",5,0.000176217664058645
13,390,"A3","Metakinetoplastina",12,0.000422922393740749
13,390,"A3","Mucorales",55,0.0019383943046451
13,390,"A3","Opiliones",0,0
13,390,"A3","Peronosporomycetes",75,0.00264326496087968
13,390,"A3","Pleosporales",342,0.0120532882216113
13,390,"A3","Polyporales",42,0.00148022837809262
13,390,"A3","Ranunculales",0,0
13,390,"A3","Rare",61,0.00214985550151547
13,390,"A3","Rhabditida",2689,0.0947698597307394
13,390,"A3","Saccharomycetales",23574,0.830831042503701
13,390,"A3","Sapindales",0,0
13,390,"A3","Schizosaccharomycetales",0,0
13,390,"A3","Spirotrichea",0,0
13,390,"A3","Sporidiobolales",0,0
13,390,"A3","Taphrinales",0,0
13,390,"A3","Tremellales",24,0.000845844787481497
13,390,"A3","Trichosporonales",177,0.00623810530767604
13,390,"A4","Acari",0,0
13,390,"A4","Agaricales",12,0.000305740273637545
13,390,"A4","Ascaridida",0,0
13,390,"A4","Asterales",0,0
13,390,"A4","Bacillariophytina",0,0
13,390,"A4","Capnodiales",16,0.000407653698183393
13,390,"A4","Chaetothyriales",1,2.54783561364621e-05
13,390,"A4","Chlamydomonadales",1,2.54783561364621e-05
13,390,"A4","Chromulinales",3,7.64350684093862e-05
13,390,"A4","Coccidia",13,0.000331218629774007
13,390,"A4","Coleoptera",10,0.000254783561364621
13,390,"A4","Collembola",44,0.00112104767000433
13,390,"A4","Conthreep",374,0.00952890519503682
13,390,"A4","Cryomonadida",13,0.000331218629774007
13,390,"A4","Diptera",17226,0.438890162806696
13,390,"A4","Eurotiales",133,0.00338862136614946
13,390,"A4","Eustigmatales",0,0
13,390,"A4","Fabales",0,0
13,390,"A4","Filobasidiales",2,5.09567122729242e-05
13,390,"A4","Gregarinasina",0,0
13,390,"A4","Liliopsida",6074,0.154755535172871
13,390,"A4","Litostomatea",1,2.54783561364621e-05
13,390,"A4","Malasseziales",0,0
13,390,"A4","Metakinetoplastina",1,2.54783561364621e-05
13,390,"A4","Mucorales",14,0.000356696985910469
13,390,"A4","Opiliones",0,0
13,390,"A4","Peronosporomycetes",44,0.00112104767000433
13,390,"A4","Pleosporales",221,0.00563071670615812
13,390,"A4","Polyporales",22,0.000560523835002166
13,390,"A4","Ranunculales",0,0
13,390,"A4","Rare",142,0.00361792657137762
13,390,"A4","Rhabditida",13601,0.346531121812021
13,390,"A4","Saccharomycetales",1212,0.030879767637392
13,390,"A4","Sapindales",0,0
13,390,"A4","Schizosaccharomycetales",36,0.000917220820912635
13,390,"A4","Spirotrichea",0,0
13,390,"A4","Sporidiobolales",7,0.000178348492955235
13,390,"A4","Taphrinales",12,0.000305740273637545
13,390,"A4","Tremellales",1,2.54783561364621e-05
13,390,"A4","Trichosporonales",13,0.000331218629774007
13,390,"A5","Acari",0,0
13,390,"A5","Agaricales",0,0
13,390,"A5","Ascaridida",0,0
13,390,"A5","Asterales",4,0.00149532710280374
13,390,"A5","Bacillariophytina",0,0
13,390,"A5","Capnodiales",0,0
13,390,"A5","Chaetothyriales",0,0
13,390,"A5","Chlamydomonadales",0,0
13,390,"A5","Chromulinales",0,0
13,390,"A5","Coccidia",0,0
13,390,"A5","Coleoptera",20,0.00747663551401869
13,390,"A5","Collembola",1,0.000373831775700935
13,390,"A5","Conthreep",9,0.00336448598130841
13,390,"A5","Cryomonadida",0,0
13,390,"A5","Diptera",1,0.000373831775700935
13,390,"A5","Eurotiales",1,0.000373831775700935
13,390,"A5","Eustigmatales",0,0
13,390,"A5","Fabales",0,0
13,390,"A5","Filobasidiales",1,0.000373831775700935
13,390,"A5","Gregarinasina",0,0
13,390,"A5","Liliopsida",1,0.000373831775700935
13,390,"A5","Litostomatea",1,0.000373831775700935
13,390,"A5","Malasseziales",0,0
13,390,"A5","Metakinetoplastina",0,0
13,390,"A5","Mucorales",0,0
13,390,"A5","Opiliones",0,0
13,390,"A5","Peronosporomycetes",0,0
13,390,"A5","Pleosporales",7,0.00261682242990654
13,390,"A5","Polyporales",0,0
13,390,"A5","Ranunculales",0,0
13,390,"A5","Rare",1,0.000373831775700935
13,390,"A5","Rhabditida",1790,0.669158878504673
13,390,"A5","Saccharomycetales",823,0.307663551401869
13,390,"A5","Sapindales",1,0.000373831775700935
13,390,"A5","Schizosaccharomycetales",0,0
13,390,"A5","Spirotrichea",0,0
13,390,"A5","Sporidiobolales",0,0
13,390,"A5","Taphrinales",0,0
13,390,"A5","Tremellales",0,0
13,390,"A5","Trichosporonales",14,0.00523364485981308
13,390,"A6","Acari",0,0
13,390,"A6","Agaricales",1,0.000204081632653061
13,390,"A6","Ascaridida",0,0
13,390,"A6","Asterales",13,0.0026530612244898
13,390,"A6","Bacillariophytina",0,0
13,390,"A6","Capnodiales",1,0.000204081632653061
13,390,"A6","Chaetothyriales",0,0
13,390,"A6","Chlamydomonadales",0,0
13,390,"A6","Chromulinales",0,0
13,390,"A6","Coccidia",0,0
13,390,"A6","Coleoptera",788,0.160816326530612
13,390,"A6","Collembola",0,0
13,390,"A6","Conthreep",333,0.0679591836734694
13,390,"A6","Cryomonadida",0,0
13,390,"A6","Diptera",2,0.000408163265306122
13,390,"A6","Eurotiales",2,0.000408163265306122
13,390,"A6","Eustigmatales",0,0
13,390,"A6","Fabales",0,0
13,390,"A6","Filobasidiales",0,0
13,390,"A6","Gregarinasina",0,0
13,390,"A6","Liliopsida",160,0.0326530612244898
13,390,"A6","Litostomatea",65,0.013265306122449
13,390,"A6","Malasseziales",0,0
13,390,"A6","Metakinetoplastina",2,0.000408163265306122
13,390,"A6","Mucorales",32,0.00653061224489796
13,390,"A6","Opiliones",0,0
13,390,"A6","Peronosporomycetes",100,0.0204081632653061
13,390,"A6","Pleosporales",19,0.00387755102040816
13,390,"A6","Polyporales",8,0.00163265306122449
13,390,"A6","Ranunculales",0,0
13,390,"A6","Rare",70,0.0142857142857143
13,390,"A6","Rhabditida",3028,0.617959183673469
13,390,"A6","Saccharomycetales",209,0.0426530612244898
13,390,"A6","Sapindales",0,0
13,390,"A6","Schizosaccharomycetales",0,0
13,390,"A6","Spirotrichea",57,0.0116326530612245
13,390,"A6","Sporidiobolales",1,0.000204081632653061
13,390,"A6","Taphrinales",3,0.000612244897959184
13,390,"A6","Tremellales",2,0.000408163265306122
13,390,"A6","Trichosporonales",4,0.000816326530612245
15,448,"A1","Acari",0,0
15,448,"A1","Agaricales",2,6.24629126456167e-05
15,448,"A1","Ascaridida",0,0
15,448,"A1","Asterales",2,6.24629126456167e-05
15,448,"A1","Bacillariophytina",0,0
15,448,"A1","Capnodiales",6,0.00018738873793685
15,448,"A1","Chaetothyriales",2,6.24629126456167e-05
15,448,"A1","Chlamydomonadales",0,0
15,448,"A1","Chromulinales",0,0
15,448,"A1","Coccidia",0,0
15,448,"A1","Coleoptera",3,9.3694368968425e-05
15,448,"A1","Collembola",86,0.00268590524376152
15,448,"A1","Conthreep",94,0.00293575689434398
15,448,"A1","Cryomonadida",1,3.12314563228083e-05
15,448,"A1","Diptera",1797,0.0561229270120866
15,448,"A1","Eurotiales",269,0.00840126175083544
15,448,"A1","Eustigmatales",4,0.000124925825291233
15,448,"A1","Fabales",0,0
15,448,"A1","Filobasidiales",0,0
15,448,"A1","Gregarinasina",0,0
15,448,"A1","Liliopsida",3,9.3694368968425e-05
15,448,"A1","Litostomatea",1,3.12314563228083e-05
15,448,"A1","Malasseziales",5,0.000156157281614042
15,448,"A1","Metakinetoplastina",0,0
15,448,"A1","Mucorales",192,0.0059964396139792
15,448,"A1","Opiliones",0,0
15,448,"A1","Peronosporomycetes",0,0
15,448,"A1","Pleosporales",134,0.00418501514725632
15,448,"A1","Polyporales",29,0.000905712233361442
15,448,"A1","Ranunculales",0,0
15,448,"A1","Rare",270,0.00843249320715825
15,448,"A1","Rhabditida",23550,0.735500796402136
15,448,"A1","Saccharomycetales",4388,0.137043630344483
15,448,"A1","Sapindales",0,0
15,448,"A1","Schizosaccharomycetales",0,0
15,448,"A1","Spirotrichea",0,0
15,448,"A1","Sporidiobolales",23,0.000718323495424592
15,448,"A1","Taphrinales",22,0.000687092039101783
15,448,"A1","Tremellales",3,9.3694368968425e-05
15,448,"A1","Trichosporonales",1133,0.0353852400137418
15,448,"A2","Acari",0,0
15,448,"A2","Agaricales",13,0.000558587204056202
15,448,"A2","Ascaridida",0,0
15,448,"A2","Asterales",0,0
15,448,"A2","Bacillariophytina",0,0
15,448,"A2","Capnodiales",45,0.00193357109096378
15,448,"A2","Chaetothyriales",4,0.000171872985863447
15,448,"A2","Chlamydomonadales",0,0
15,448,"A2","Chromulinales",0,0
15,448,"A2","Coccidia",0,0
15,448,"A2","Coleoptera",1419,0.0609719417350578
15,448,"A2","Collembola",8417,0.361663730503158
15,448,"A2","Conthreep",8,0.000343745971726894
15,448,"A2","Cryomonadida",2,8.59364929317235e-05
15,448,"A2","Diptera",284,0.0122029819963047
15,448,"A2","Eurotiales",24,0.00103123791518068
15,448,"A2","Eustigmatales",0,0
15,448,"A2","Fabales",0,0
15,448,"A2","Filobasidiales",17,0.000730460189919649
15,448,"A2","Gregarinasina",0,0
15,448,"A2","Liliopsida",20,0.000859364929317235
15,448,"A2","Litostomatea",1,4.29682464658617e-05
15,448,"A2","Malasseziales",138,0.00592961801228892
15,448,"A2","Metakinetoplastina",0,0
15,448,"A2","Mucorales",165,0.00708976066686719
15,448,"A2","Opiliones",0,0
15,448,"A2","Peronosporomycetes",0,0
15,448,"A2","Pleosporales",247,0.0106131568770678
15,448,"A2","Polyporales",25,0.00107420616164654
15,448,"A2","Ranunculales",0,0
15,448,"A2","Rare",91,0.00391011042839342
15,448,"A2","Rhabditida",2963,0.127314914278348
15,448,"A2","Saccharomycetales",8153,0.350320113436171
15,448,"A2","Sapindales",0,0
15,448,"A2","Schizosaccharomycetales",0,0
15,448,"A2","Spirotrichea",0,0
15,448,"A2","Sporidiobolales",68,0.0029218407596786
15,448,"A2","Taphrinales",40,0.00171872985863447
15,448,"A2","Tremellales",34,0.0014609203798393
15,448,"A2","Trichosporonales",1095,0.0470502298801186
15,448,"A3","Acari",0,0
15,448,"A3","Agaricales",10,0.000348845321984232
15,448,"A3","Ascaridida",0,0
15,448,"A3","Asterales",0,0
15,448,"A3","Bacillariophytina",1,3.48845321984232e-05
15,448,"A3","Capnodiales",16,0.000558152515174771
15,448,"A3","Chaetothyriales",7,0.000244191725388963
15,448,"A3","Chlamydomonadales",0,0
15,448,"A3","Chromulinales",0,0
15,448,"A3","Coccidia",26,0.000906997837159004
15,448,"A3","Coleoptera",791,0.0275936649689528
15,448,"A3","Collembola",1,3.48845321984232e-05
15,448,"A3","Conthreep",38,0.00132561222354008
15,448,"A3","Cryomonadida",0,0
15,448,"A3","Diptera",24,0.000837228772762157
15,448,"A3","Eurotiales",29,0.00101165143375427
15,448,"A3","Eustigmatales",2,6.97690643968464e-05
15,448,"A3","Fabales",0,0
15,448,"A3","Filobasidiales",8,0.000279076257587386
15,448,"A3","Gregarinasina",0,0
15,448,"A3","Liliopsida",59,0.00205818739970697
15,448,"A3","Litostomatea",1,3.48845321984232e-05
15,448,"A3","Malasseziales",3,0.00010465359659527
15,448,"A3","Metakinetoplastina",0,0
15,448,"A3","Mucorales",177,0.00617456219912091
15,448,"A3","Opiliones",0,0
15,448,"A3","Peronosporomycetes",0,0
15,448,"A3","Pleosporales",192,0.00669783018209726
15,448,"A3","Polyporales",48,0.00167445754552431
15,448,"A3","Ranunculales",0,0
15,448,"A3","Rare",125,0.0043605665248029
15,448,"A3","Rhabditida",1822,0.0635596176655271
15,448,"A3","Saccharomycetales",24634,0.859345566175958
15,448,"A3","Sapindales",0,0
15,448,"A3","Schizosaccharomycetales",3,0.00010465359659527
15,448,"A3","Spirotrichea",0,0
15,448,"A3","Sporidiobolales",13,0.000453498918579502
15,448,"A3","Taphrinales",18,0.000627921579571618
15,448,"A3","Tremellales",11,0.000383729854182655
15,448,"A3","Trichosporonales",607,0.0211749110444429
15,448,"A4","Acari",0,0
15,448,"A4","Agaricales",29,0.000602860468983868
15,448,"A4","Ascaridida",1,2.07882920339265e-05
15,448,"A4","Asterales",0,0
15,448,"A4","Bacillariophytina",0,0
15,448,"A4","Capnodiales",8,0.000166306336271412
15,448,"A4","Chaetothyriales",0,0
15,448,"A4","Chlamydomonadales",21,0.000436554132712456
15,448,"A4","Chromulinales",0,0
15,448,"A4","Coccidia",0,0
15,448,"A4","Coleoptera",24115,0.501309662398137
15,448,"A4","Collembola",1,2.07882920339265e-05
15,448,"A4","Conthreep",0,0
15,448,"A4","Cryomonadida",6,0.000124729752203559
15,448,"A4","Diptera",26,0.000540495592882089
15,448,"A4","Eurotiales",3,6.23648761017795e-05
15,448,"A4","Eustigmatales",0,0
15,448,"A4","Fabales",0,0
15,448,"A4","Filobasidiales",2,4.1576584067853e-05
15,448,"A4","Gregarinasina",0,0
15,448,"A4","Liliopsida",36,0.000748378513221354
15,448,"A4","Litostomatea",1,2.07882920339265e-05
15,448,"A4","Malasseziales",18,0.000374189256610677
15,448,"A4","Metakinetoplastina",0,0
15,448,"A4","Mucorales",12,0.000249459504407118
15,448,"A4","Opiliones",0,0
15,448,"A4","Peronosporomycetes",104,0.00216198237152836
15,448,"A4","Pleosporales",47,0.000977049725594545
15,448,"A4","Polyporales",209,0.00434475303509064
15,448,"A4","Ranunculales",0,0
15,448,"A4","Rare",138,0.00286878430068185
15,448,"A4","Rhabditida",10271,0.213516547480459
15,448,"A4","Saccharomycetales",12693,0.263865790786629
15,448,"A4","Sapindales",0,0
15,448,"A4","Schizosaccharomycetales",0,0
15,448,"A4","Spirotrichea",0,0
15,448,"A4","Sporidiobolales",0,0
15,448,"A4","Taphrinales",86,0.00178779311491768
15,448,"A4","Tremellales",68,0.001413603858307
15,448,"A4","Trichosporonales",209,0.00434475303509064
15,448,"A5","Acari",0,0
15,448,"A5","Agaricales",0,0
15,448,"A5","Ascaridida",0,0
15,448,"A5","Asterales",1,5.01504513540622e-05
15,448,"A5","Bacillariophytina",0,0
15,448,"A5","Capnodiales",5,0.000250752256770311
15,448,"A5","Chaetothyriales",0,0
15,448,"A5","Chlamydomonadales",0,0
15,448,"A5","Chromulinales",1,5.01504513540622e-05
15,448,"A5","Coccidia",0,0
15,448,"A5","Coleoptera",6,0.000300902708124373
15,448,"A5","Collembola",551,0.0276328986960883
15,448,"A5","Conthreep",14,0.000702106318956871
15,448,"A5","Cryomonadida",3,0.000150451354062187
15,448,"A5","Diptera",15,0.000752256770310933
15,448,"A5","Eurotiales",5,0.000250752256770311
15,448,"A5","Eustigmatales",0,0
15,448,"A5","Fabales",1,5.01504513540622e-05
15,448,"A5","Filobasidiales",20,0.00100300902708124
15,448,"A5","Gregarinasina",0,0
15,448,"A5","Liliopsida",0,0
15,448,"A5","Litostomatea",5,0.000250752256770311
15,448,"A5","Malasseziales",0,0
15,448,"A5","Metakinetoplastina",0,0
15,448,"A5","Mucorales",10,0.000501504513540622
15,448,"A5","Opiliones",0,0
15,448,"A5","Peronosporomycetes",0,0
15,448,"A5","Pleosporales",93,0.00466399197592778
15,448,"A5","Polyporales",16,0.000802407221664995
15,448,"A5","Ranunculales",0,0
15,448,"A5","Rare",26,0.00130391173520562
15,448,"A5","Rhabditida",1067,0.0535105315947844
15,448,"A5","Saccharomycetales",16356,0.820260782347041
15,448,"A5","Sapindales",1,5.01504513540622e-05
15,448,"A5","Schizosaccharomycetales",0,0
15,448,"A5","Spirotrichea",0,0
15,448,"A5","Sporidiobolales",6,0.000300902708124373
15,448,"A5","Taphrinales",5,0.000250752256770311
15,448,"A5","Tremellales",2,0.000100300902708124
15,448,"A5","Trichosporonales",1731,0.0868104312938816
15,448,"A6","Acari",0,0
15,448,"A6","Agaricales",9,0.000367571982846641
15,448,"A6","Ascaridida",0,0
15,448,"A6","Asterales",28,0.00114355727996733
15,448,"A6","Bacillariophytina",0,0
15,448,"A6","Capnodiales",2,8.16826628548091e-05
15,448,"A6","Chaetothyriales",0,0
15,448,"A6","Chlamydomonadales",0,0
15,448,"A6","Chromulinales",0,0
15,448,"A6","Coccidia",0,0
15,448,"A6","Coleoptera",12,0.000490095977128854
15,448,"A6","Collembola",1,4.08413314274045e-05
15,448,"A6","Conthreep",0,0
15,448,"A6","Cryomonadida",0,0
15,448,"A6","Diptera",16,0.000653461302838473
15,448,"A6","Eurotiales",13,0.000530937308556259
15,448,"A6","Eustigmatales",0,0
15,448,"A6","Fabales",0,0
15,448,"A6","Filobasidiales",6,0.000245047988564427
15,448,"A6","Gregarinasina",0,0
15,448,"A6","Liliopsida",44,0.0017970185828058
15,448,"A6","Litostomatea",0,0
15,448,"A6","Malasseziales",0,0
15,448,"A6","Metakinetoplastina",0,0
15,448,"A6","Mucorales",191,0.00780069430263427
15,448,"A6","Opiliones",0,0
15,448,"A6","Peronosporomycetes",18,0.000735143965693282
15,448,"A6","Pleosporales",110,0.0044925464570145
15,448,"A6","Polyporales",27,0.00110271594853992
15,448,"A6","Ranunculales",0,0
15,448,"A6","Rare",113,0.00461507045129672
15,448,"A6","Rhabditida",14785,0.603839085154176
15,448,"A6","Saccharomycetales",7745,0.316316111905248
15,448,"A6","Sapindales",0,0
15,448,"A6","Schizosaccharomycetales",0,0
15,448,"A6","Spirotrichea",0,0
15,448,"A6","Sporidiobolales",6,0.000245047988564427
15,448,"A6","Taphrinales",11,0.00044925464570145
15,448,"A6","Tremellales",6,0.000245047988564427
15,448,"A6","Trichosporonales",1342,0.0548090667755769
